Workbook

Sheet game_parameters
A1: 編號 | B1: 變動 | C1: 系統分類 | D1: 名稱 | E1: 參數化公式 | F1: 中文說明 | G1: 參數a | H1: 參數b | I1: 參數c | J1: 參數d | K1: 參數e | L1: 參數f | M1: 參數g | N1: 參數h | O1: 參數i | P1: 參數j | Q1: 參數k | R1: 參數l
A2: =計算表!A2 -> 1 | B2: =計算表!B2 -> 0 | C2: =計算表!C2 -> 0-遊戲預設 | D2: =計算表!D2 -> 開場金幣 | E2: =計算表!E2 -> a | F2: =計算表!F2 -> 新遊戲與重新開局時給予的金幣數量。 | G2: =計算表!G2 -> 50000 | H2: =計算表!H2 -> 0 | ... R2: =計算表!R2 -> 0
A3: =計算表!A3 -> 2 | B3: =計算表!B3 -> 0 | C3: =計算表!C3 -> 0-遊戲預設 | D3: =計算表!D3 -> 開場裝備碎片 | E3: =計算表!E3 -> a | F3: =計算表!F3 -> 新遊戲與重新開局時給予的裝備碎片數量。 | G3: =計算表!G3 -> 500 | H3: =計算表!H3 -> 0 | ... R3: =計算表!R3 -> 0
A4: =計算表!A4 -> 3 | B4: =計算表!B4 -> 0 | C4: =計算表!C4 -> 0-遊戲預設 | D4: =計算表!D4 -> 開場附魔精華 | E4: =計算表!E4 -> a | F4: =計算表!F4 -> 新遊戲與重新開局時給予的附魔精華數量。 | G4: =計算表!G4 -> 100 | H4: =計算表!H4 -> 0 | ... R4: =計算表!R4 -> 0
A5: =計算表!A5 -> 4 | B5: =計算表!B5 -> 0 | C5: =計算表!C5 -> 10-離線 | D5: =計算表!D5 -> 有效離線時間 | E5: =計算表!E5 -> min(實際離線秒數, a 小時) | F5: =計算表!F5 -> 1 分鐘內不計。 | G5: =計算表!G5 -> 24 | H5: =計算表!H5 -> 0 | ... R5: =計算表!R5 -> 0
A6: =計算表!A6 -> 5 | B6: =計算表!B6 -> 0 | C6: =計算表!C6 -> 10-離線 | D6: =計算表!D6 -> 計算等級 | E6: =計算表!E6 -> 捨去((目前地圖最高階段 × c - a) ÷ b) × b（下限 1） | F6: =計算表!F6 -> a=等級扣減；b=取整單位；c=關卡比例；以此等級的當前場景菁英怪計算離線收益。 | G6: =計算表!G6 -> 10 | H6: =計算表!H6 -> 10 | ... R6: =計算表!R6 -> 0
A7: =計算表!A7 -> 6 | B7: =計算表!B7 -> 0 | C7: =計算表!C7 -> 10-離線 | D7: =計算表!D7 -> 擊殺速率 | E7: =計算表!E7 -> 每 a 秒擊殺 1 隻菁英怪 | F7: =計算表!F7 -> a=擊殺間隔秒數；擊殺數 = ⌊有效離線秒數 ÷ a⌋，每隻菁英怪及其掉落單獨擲骰。 | G7: =計算表!G7 -> 10 | H7: =計算表!H7 -> 0 | ... R7: =計算表!R7 -> 0
A8: =計算表!A8 -> 7 | B8: =計算表!B8 -> 0 | C8: =計算表!C8 -> 10-離線 | D8: =計算表!D8 -> 怪物種類 | E8: =計算表!E8 -> a＝1 時使用菁英怪；a＝0 時使用普通怪 | F8: =計算表!F8 -> 離線收益的怪物種類；菁英怪會套用菁英經驗與掉落倍率。 | G8: =計算表!G8 -> 1 | H8: =計算表!H8 -> 0 | ... R8: =計算表!R8 -> 0
A9: =計算表!A9 -> 8 | B9: =計算表!B9 -> 0 | C9: =計算表!C9 -> 1-成長經驗 | D9: =計算表!D9 -> 升級所需經驗 | E9: =計算表!E9 -> (a×等級^b+c)×轉生經驗倍率+轉生經驗基礎增加值 | F9: =計算表!F9 -> 升到下一級所需經驗；a=係數 b=次方 c=常數 d=等級上限。轉生經驗倍率見「轉生對照表」 | G9: =計算表!G9 -> 20 | H9: =計算表!H9 -> 3 | ... R9: =計算表!R9 -> 0
A10: =計算表!A10 -> 9 | B10: =計算表!B10 -> 0 | C10: =計算表!C10 -> 1-成長經驗 | D10: =計算表!D10 -> 等級基礎四維 | E10: =計算表!E10 -> a+(等級-1)×b | F10: =計算表!F10 -> 力/敏/智/耐四項相同，每升 1 級各 +b。a=初始值 b=每級成長。 | G10: =計算表!G10 -> 5 | H10: =計算表!H10 -> 2 | ... R10: =計算表!R10 -> 0
A11: =計算表!A11 -> 10 | B11: =計算表!B11 -> 0 | C11: =計算表!C11 -> 1-成長經驗 | D11: =計算表!D11 -> 技能點總預算 | E11: =計算表!E11 -> 基礎a + 技能熟練度等級 + 潛力天賦加成 | F11: 2026-07-30 改制：技能點不再隨角色升級發放，改由技能熟練度提供（每級 1 點）；目前只用於潛力技能。a=基礎點數；b 停用；c=舊制上限常數（保留相容）。 | G11: =計算表!G11 -> 3 | H11: =計算表!H11 -> 1 | I11: =計算表!I11 -> 10000 | J11: =計算表!J11 -> 0 | K11: =計算表!K11 -> 0 | L11: =計算表!L11 -> 0 | M11: =計算表!M11 -> 0 | N11: =計算表!N11 -> 0 | ... R11: =計算表!R11 -> 0
A12: =計算表!A12 -> 11 | B12: =計算表!B12 -> 0 | C12: =計算表!C12 -> 1-成長經驗 | D12: =計算表!D12 -> 技能裝載欄 | E12: =計算表!E12 -> clamp(⌊等級/a⌋, b, c) | F12: =計算表!F12 -> 每 a 級 +1 格，最少 b、最多 c。 | G12: =計算表!G12 -> 50 | H12: =計算表!H12 -> 4 | ... R12: =計算表!R12 -> 0
A13: =計算表!A13 -> 12 | B13: =計算表!B13 -> 0 | C13: =計算表!C13 -> 1-成長經驗 | D13: =計算表!D13 -> 可轉生等級 / 最高轉生 | E13: =計算表!E13 -> 達到a級可轉生；最高b轉 | F13: =計算表!F13 -> a=可轉生等級 b=最高轉生次數。 | G13: =計算表!G13 -> 1000 | H13: =計算表!H13 -> 20 | ... R13: =計算表!R13 -> 0
A14: =計算表!A14 -> 13 | B14: =計算表!B14 -> 0 | C14: =計算表!C14 -> 1-成長經驗 | D14: =計算表!D14 -> 神鑄系統解鎖等級 | E14: =計算表!E14 -> b 轉達到a級開放 | F14: =計算表!F14 -> 解鎖後永久保留，轉生不關閉。a=解鎖等級 b=解鎖轉生等級，必需兩個條件都滿足才解鎖 | G14: =計算表!G14 -> 1 | H14: =計算表!H14 -> 1 | ... R14: =計算表!R14 -> 0
A15: =計算表!A15 -> 14 | B15: =計算表!B15 -> 0 | C15: =計算表!C15 -> 1-成長經驗 | D15: =計算表!D15 -> 技能熟練度經驗需求 | E15: =計算表!E15 -> a×熟練度等級^b + c | F15: =計算表!F15 -> 技能熟練度升 1 級所需經驗（沿用玩家升級公式未轉生版；L=目前熟練度等級）。 | G15: =計算表!G15 -> 30 | H15: =計算表!H15 -> 3 | ... R15: =計算表!R15 -> 0
A16: =計算表!A16 -> 15 | B16: =計算表!B16 -> 0 | C16: =計算表!C16 -> 1-成長經驗 | D16: =計算表!D16 -> 技能熟練度 | E16: =計算表!E16 -> 上限 a 級；擊殺技能經驗 = 怪物經驗 × b% | F16: =計算表!F16 -> 打怪（野外/高塔/離線）獲得技能經驗；每升 1 級 +1 技能點。初始 0 級。 | G16: =計算表!G16 -> 1000 | H16: =計算表!H16 -> 90 | ... R16: =計算表!R16 -> 0
A17: =計算表!A17 -> 16 | B17: =計算表!B17 -> 0 | C17: =計算表!C17 -> 1-轉生對照表 | D17: =計算表!D17 -> 轉生 0 次 | E17: =計算表!E17 -> （查表） | F17: a=生命與四維最終倍率 b=升級經驗倍率 c=升級經驗基礎增加值 d=階級名稱 e=潛力技能等級上限（查表）。 f=已停用（舊融合技上限增加值，2026-09-29 移除）。 | G17: =計算表!G17 -> 1 | H17: =計算表!H17 -> 10^0 | I17: =計算表!I17 -> 0 | J17: =計算表!J17 -> 冒險者 | K17: =計算表!K17 -> 10 | L17: =計算表!L17 -> 0 | M17: =計算表!M17 -> 0 | N17: =計算表!N17 -> 0 | ... R17: =計算表!R17 -> 0
A18: =計算表!A18 -> 17 | B18: =計算表!B18 -> 0 | C18: =計算表!C18 -> 1-轉生對照表 | D18: =計算表!D18 -> 轉生 1 次 | E18: =計算表!E18 -> （查表） | F18: a=生命與四維最終倍率 b=升級經驗倍率 c=升級經驗基礎增加值 d=階級名稱 e=潛力技能等級上限（查表）。 f=已停用（舊融合技上限增加值，2026-09-29 移除）。 | G18: =計算表!G18 -> 1.5 | H18: =計算表!H18 -> 10^1 | I18: =計算表!I18 -> 500000 | J18: =計算表!J18 -> 勇者 | K18: =計算表!K18 -> 12 | L18: =計算表!L18 -> 0 | M18: =計算表!M18 -> 0 | N18: =計算表!N18 -> 0 | ... R18: =計算表!R18 -> 0
A19: =計算表!A19 -> 18 | B19: =計算表!B19 -> 0 | C19: =計算表!C19 -> 1-轉生對照表 | D19: =計算表!D19 -> 轉生 2 次 | E19: =計算表!E19 -> （查表） | F19: a=生命與四維最終倍率 b=升級經驗倍率 c=升級經驗基礎增加值 d=階級名稱 e=潛力技能等級上限（查表）。 f=已停用（舊融合技上限增加值，2026-09-29 移除）。 | G19: =計算表!G19 -> 2.5 | H19: =計算表!H19 -> 10^2 | I19: =計算表!I19 -> 1500000 | J19: =計算表!J19 -> 大劍師 | K19: =計算表!K19 -> 14 | L19: =計算表!L19 -> 0 | M19: =計算表!M19 -> 0 | N19: =計算表!N19 -> 0 | ... R19: =計算表!R19 -> 0
A20: =計算表!A20 -> 19 | B20: =計算表!B20 -> 0 | C20: =計算表!C20 -> 1-轉生對照表 | D20: =計算表!D20 -> 轉生 3 次 | E20: =計算表!E20 -> （查表） | F20: a=生命與四維最終倍率 b=升級經驗倍率 c=升級經驗基礎增加值 d=階級名稱 e=潛力技能等級上限（查表）。 f=已停用（舊融合技上限增加值，2026-09-29 移除）。 | G20: =計算表!G20 -> 3.5 | H20: =計算表!H20 -> 10^3 | I20: =計算表!I20 -> 3000000 | J20: =計算表!J20 -> 破世者 | K20: =計算表!K20 -> 16 | L20: =計算表!L20 -> 0 | M20: =計算表!M20 -> 0 | N20: =計算表!N20 -> 0 | ... R20: =計算表!R20 -> 0
A21: =計算表!A21 -> 20 | B21: =計算表!B21 -> 0 | C21: =計算表!C21 -> 1-轉生對照表 | D21: =計算表!D21 -> 轉生 4 次 | E21: =計算表!E21 -> （查表） | F21: a=生命與四維最終倍率 b=升級經驗倍率 c=升級經驗基礎增加值 d=階級名稱 e=潛力技能等級上限（查表）。 f=已停用（舊融合技上限增加值，2026-09-29 移除）。 | G21: =計算表!G21 -> 5 | H21: =計算表!H21 -> 10^4 | I21: =計算表!I21 -> 6000000 | J21: =計算表!J21 -> 不朽者 | K21: =計算表!K21 -> 18 | L21: =計算表!L21 -> 0 | M21: =計算表!M21 -> 0 | N21: =計算表!N21 -> 0 | ... R21: =計算表!R21 -> 0
A22: =計算表!A22 -> 21 | B22: =計算表!B22 -> 0 | C22: =計算表!C22 -> 1-轉生對照表 | D22: =計算表!D22 -> 轉生 5 次 | E22: =計算表!E22 -> （查表） | F22: a=生命與四維最終倍率 b=升級經驗倍率 c=升級經驗基礎增加值 d=階級名稱 e=潛力技能等級上限（查表）。 f=已停用（舊融合技上限增加值，2026-09-29 移除）。 | G22: =計算表!G22 -> 7 | H22: =計算表!H22 -> 10^5 | I22: =計算表!I22 -> 12000000 | J22: =計算表!J22 -> 王者 | K22: =計算表!K22 -> 20 | L22: =計算表!L22 -> 0 | M22: =計算表!M22 -> 0 | N22: =計算表!N22 -> 0 | ... R22: =計算表!R22 -> 0
A23: =計算表!A23 -> 22 | B23: =計算表!B23 -> 0 | C23: =計算表!C23 -> 1-轉生對照表 | D23: =計算表!D23 -> 轉生 6 次 | E23: =計算表!E23 -> （查表） | F23: a=生命與四維最終倍率 b=升級經驗倍率 c=升級經驗基礎增加值 d=階級名稱 e=潛力技能等級上限（查表）。 f=已停用（舊融合技上限增加值，2026-09-29 移除）。 | G23: =計算表!G23 -> 10 | H23: =計算表!H23 -> 10^6 | I23: =計算表!I23 -> 24000000 | J23: =計算表!J23 -> 大主宰 | K23: =計算表!K23 -> 22 | L23: =計算表!L23 -> 0 | M23: =計算表!M23 -> 0 | N23: =計算表!N23 -> 0 | ... R23: =計算表!R23 -> 0
A24: =計算表!A24 -> 23 | B24: =計算表!B24 -> 0 | C24: =計算表!C24 -> 1-轉生對照表 | D24: =計算表!D24 -> 轉生 7 次 | E24: =計算表!E24 -> （查表） | F24: a=生命與四維最終倍率 b=升級經驗倍率 c=升級經驗基礎增加值 d=階級名稱 e=潛力技能等級上限（查表）。 f=已停用（舊融合技上限增加值，2026-09-29 移除）。 | G24: =計算表!G24 -> 14 | H24: =計算表!H24 -> 10^7 | I24: =計算表!I24 -> 48000000 | J24: =計算表!J24 -> 神聖尊者 | K24: =計算表!K24 -> 24 | L24: =計算表!L24 -> 0 | M24: =計算表!M24 -> 0 | N24: =計算表!N24 -> 0 | ... R24: =計算表!R24 -> 0
A25: =計算表!A25 -> 24 | B25: =計算表!B25 -> 0 | C25: =計算表!C25 -> 1-轉生對照表 | D25: =計算表!D25 -> 轉生 8 次 | E25: =計算表!E25 -> （查表） | F25: a=生命與四維最終倍率 b=升級經驗倍率 c=升級經驗基礎增加值 d=階級名稱 e=潛力技能等級上限（查表）。 f=已停用（舊融合技上限增加值，2026-09-29 移除）。 | G25: =計算表!G25 -> 18 | H25: =計算表!H25 -> 10^8 | I25: =計算表!I25 -> 96000000 | J25: =計算表!J25 -> 大聖王 | K25: =計算表!K25 -> 26 | L25: =計算表!L25 -> 0 | M25: =計算表!M25 -> 0 | N25: =計算表!N25 -> 0 | ... R25: =計算表!R25 -> 0
A26: =計算表!A26 -> 25 | B26: =計算表!B26 -> 0 | C26: =計算表!C26 -> 1-轉生對照表 | D26: =計算表!D26 -> 轉生 9 次 | E26: =計算表!E26 -> （查表） | F26: a=生命與四維最終倍率 b=升級經驗倍率 c=升級經驗基礎增加值 d=階級名稱 e=潛力技能等級上限（查表）。 f=已停用（舊融合技上限增加值，2026-09-29 移除）。 | G26: =計算表!G26 -> 24 | H26: =計算表!H26 -> 10^9 | I26: =計算表!I26 -> 192000000 | J26: =計算表!J26 -> 至高主宰 | K26: =計算表!K26 -> 28 | L26: =計算表!L26 -> 0 | M26: =計算表!M26 -> 0 | N26: =計算表!N26 -> 0 | ... R26: =計算表!R26 -> 0
A27: =計算表!A27 -> 26 | B27: =計算表!B27 -> 0 | C27: =計算表!C27 -> 1-轉生對照表 | D27: =計算表!D27 -> 轉生 10 次 | E27: =計算表!E27 -> （查表） | F27: a=生命與四維最終倍率 b=升級經驗倍率 c=升級經驗基礎增加值 d=階級名稱 e=潛力技能等級上限（查表）。 f=已停用（舊融合技上限增加值，2026-09-29 移除）。 | G27: =計算表!G27 -> 30 | H27: =計算表!H27 -> 10^11 | I27: =計算表!I27 -> 384000000 | J27: =計算表!J27 -> 位面創世神 | K27: =計算表!K27 -> 30 | L27: =計算表!L27 -> 0 | M27: =計算表!M27 -> 0 | N27: =計算表!N27 -> 0 | ... R27: =計算表!R27 -> 0
A28: =計算表!A28 -> 27 | B28: =計算表!B28 -> 0 | C28: =計算表!C28 -> 1-轉生對照表 | D28: =計算表!D28 -> 轉生 11 次 | E28: =計算表!E28 -> （查表） | F28: a=生命與四維最終倍率 b=升級經驗倍率 c=升級經驗基礎增加值 d=階級名稱 e=潛力技能等級上限（查表）。 f=已停用（舊融合技上限增加值，2026-09-29 移除）。 | G28: =計算表!G28 -> 60 | H28: =計算表!H28 -> 10^13 | I28: =計算表!I28 -> 768000000 | J28: =計算表!J28 -> 神位1階 | K28: =計算表!K28 -> 30 | L28: =計算表!L28 -> 0 | M28: =計算表!M28 -> 0 | N28: =計算表!N28 -> 0 | ... R28: =計算表!R28 -> 0
... A37: =計算表!A37 -> 36 | B37: =計算表!B37 -> 0 | C37: =計算表!C37 -> 1-轉生對照表 | D37: =計算表!D37 -> 轉生 20 次 | E37: =計算表!E37 -> （查表） | F37: a=生命與四維最終倍率 b=升級經驗倍率 c=升級經驗基礎增加值 d=階級名稱 e=潛力技能等級上限（查表）。 f=已停用（舊融合技上限增加值，2026-09-29 移除）。 | G37: =計算表!G37 -> 2500 | H37: =計算表!H37 -> 10^33 | I37: =計算表!I37 -> 393216000000 | J37: =計算表!J37 -> 神位終階 | K37: =計算表!K37 -> 30 | L37: =計算表!L37 -> 0 | M37: =計算表!M37 -> 0 | N37: =計算表!N37 -> 0 | ... R37: =計算表!R37 -> 0
A38: =計算表!A38 -> 37 | B38: =計算表!B38 -> 0 | C38: =計算表!C38 -> 2-屬性上限 | D38: =計算表!D38 -> 暴擊率 上限 | E38: =計算表!E38 -> 上限 = a | F38: =計算表!F38 -> a=暴擊率上限（%）。攻擊時造成額外暴擊傷害的機率。 | G38: =計算表!G38 -> 0 | H38: =計算表!H38 -> 0 | ... R38: =計算表!R38 -> 0
A39: =計算表!A39 -> 38 | B39: =計算表!B39 -> 0 | C39: =計算表!C39 -> 2-屬性上限 | D39: =計算表!D39 -> 物理穿透 上限 | E39: =計算表!E39 -> 上限 = a | F39: =計算表!F39 -> a=物理穿透上限（%）；0＝無上限。2026-07-30 改版：穿透不再擋上限，實際忽略防禦%改由「3-戰鬥核心/穿透忽略防禦」的遞減曲線換算。 | G39: =計算表!G39 -> 0 | H39: =計算表!H39 -> 0 | ... R39: =計算表!R39 -> 0
A40: =計算表!A40 -> 39 | B40: =計算表!B40 -> 0 | C40: =計算表!C40 -> 2-屬性上限 | D40: =計算表!D40 -> 魔法穿透 上限 | E40: =計算表!E40 -> 上限 = a | F40: =計算表!F40 -> a=魔法穿透上限（%）；0＝無上限。2026-07-30 改版：穿透不再擋上限，實際忽略防禦%改由「3-戰鬥核心/穿透忽略防禦」的遞減曲線換算。 | G40: =計算表!G40 -> 0 | H40: =計算表!H40 -> 0 | ... R40: =計算表!R40 -> 0
A41: =計算表!A41 -> 40 | B41: =計算表!B41 -> 0 | C41: =計算表!C41 -> 2-屬性上限 | D41: =計算表!D41 -> 冷卻縮減 上限 | E41: =計算表!E41 -> 上限 = a | F41: =計算表!F41 -> a=冷卻縮減上限（%）。減少技能所需的冷卻時間。 | G41: =計算表!G41 -> 60 | H41: =計算表!H41 -> 0 | ... R41: =計算表!R41 -> 0
A42: =計算表!A42 -> 41 | B42: =計算表!B42 -> 0 | C42: =計算表!C42 -> 2-屬性上限 | D42: =計算表!D42 -> 施法速度 上限 | E42: =計算表!E42 -> 上限 = a | F42: =計算表!F42 -> a=施法速度上限（%）。縮短技能的施放延遲或詠唱時間。 | G42: =計算表!G42 -> 50 | H42: =計算表!H42 -> 0 | ... R42: =計算表!R42 -> 0
A43: =計算表!A43 -> 42 | B43: =計算表!B43 -> 0 | C43: =計算表!C43 -> 2-屬性上限 | D43: =計算表!D43 -> 吸血 上限 | E43: =計算表!E43 -> 上限 = a | F43: =計算表!F43 -> a=吸血上限（定值）；0＝無上限。吸血是定值：每次對敵人造成傷害固定回復的生命（舊版百分比以 1%＝1 轉換），單獨計算，與每秒生命回復、造成的傷害皆無關。 | G43: =計算表!G43 -> 0 | H43: =計算表!H43 -> 0 | ... R43: =計算表!R43 -> 0
A44: =計算表!A44 -> 43 | B44: =計算表!B44 -> 0 | C44: =計算表!C44 -> 2-屬性上限 | D44: =計算表!D44 -> 吸魔 上限 | E44: =計算表!E44 -> 上限 = a | F44: =計算表!F44 -> a=吸魔上限（定值）；0＝無上限。吸魔是定值：每次對敵人造成傷害固定回復的法力（舊版百分比以 1%＝1 轉換），單獨計算，與每秒法力恢復、造成的傷害皆無關。 | G44: =計算表!G44 -> 0 | H44: =計算表!H44 -> 0 | ... R44: =計算表!R44 -> 0
A45: =計算表!A45 -> 44 | B45: =計算表!B45 -> 0 | C45: =計算表!C45 -> 2-屬性上限 | D45: =計算表!D45 -> 格擋率 上限 | E45: =計算表!E45 -> 上限 = a | F45: =計算表!F45 -> a=格擋率上限（%）。受到攻擊時觸發格擋以減輕傷害的機率。 | G45: =計算表!G45 -> 50 | H45: =計算表!H45 -> 0 | ... R45: =計算表!R45 -> 0
A46: =計算表!A46 -> 45 | B46: =計算表!B46 -> 0 | C46: =計算表!C46 -> 2-屬性上限 | D46: =計算表!D46 -> 格擋減傷(詞條部分) 上限 | E46: =計算表!E46 -> 上限 = a | F46: =計算表!F46 -> a=格擋減傷「詞條部分」上限（%）。實際格擋減傷 = 30%基礎 + 詞條(≤a)，合計上限 80%。 | G46: =計算表!G46 -> 50 | H46: =計算表!H46 -> 0 | ... R46: =計算表!R46 -> 0
A47: =計算表!A47 -> 46 | B47: =計算表!B47 -> 0 | C47: =計算表!C47 -> 2-屬性上限 | D47: =計算表!D47 -> 閃避率 上限 | E47: =計算表!E47 -> 上限 = a | F47: =計算表!F47 -> a=閃避率上限（%）。完全避開敵人攻擊的機率（受敵方命中率影響）。 | G47: =計算表!G47 -> 0 | H47: =計算表!H47 -> 0 | ... R47: =計算表!R47 -> 0
A48: =計算表!A48 -> 47 | B48: =計算表!B48 -> 0 | C48: =計算表!C48 -> 2-屬性上限 | D48: =計算表!D48 -> 韌性 上限 | E48: =計算表!E48 -> 上限 = a | F48: =計算表!F48 -> a=韌性上限（%）。2026-07-30 改版：上限 80%，且同時降低「被控場機率」、縮短「被控場持續時間」、降低「被敵人爆擊機率」（敵方爆擊率×(1-韌性%)）。 | G48: =計算表!G48 -> 80 | H48: =計算表!H48 -> 0 | ... R48: =計算表!R48 -> 0
A49: =計算表!A49 -> 48 | B49: =計算表!B49 -> 0 | C49: =計算表!C49 -> 2-屬性上限 | D49: =計算表!D49 -> 控制抵抗 上限 | E49: =計算表!E49 -> 上限 = a | F49: =計算表!F49 -> a=控制抵抗上限（%）。全面降低所有負面異常狀態的命中率。 | G49: =計算表!G49 -> 80 | H49: =計算表!H49 -> 0 | ... R49: =計算表!R49 -> 0
... A57: =計算表!A57 -> 56 | B57: =計算表!B57 -> 0 | C57: =計算表!C57 -> 2-屬性上限 | D57: =計算表!D57 -> 被動-暈眩 上限 | E57: =計算表!E57 -> 上限 = a | F57: =計算表!F57 -> a=暈眩被動觸發率上限（%）。 | G57: =計算表!G57 -> 30 | H57: =計算表!H57 -> 0 | ... R57: =計算表!R57 -> 0
A58: =計算表!A58 -> 57 | B58: =計算表!B58 -> 0 | C58: =計算表!C58 -> 2-屬性派生 | D58: =計算表!D58 -> 生命上限 | E58: (a+(等級-1)×b+體質×c+生命定值)×(1+生命%) | F58: a=基礎 b=每級 c=每點體質。再乘轉生倍率。 | G58: =計算表!G58 -> 500 | H58: =計算表!H58 -> 50 | I58: =計算表!I58 -> 10 | J58: =計算表!J58 -> 0 | K58: =計算表!K58 -> 0 | L58: =計算表!L58 -> 0 | M58: =計算表!M58 -> 0 | N58: =計算表!N58 -> 0 | ... R58: =計算表!R58 -> 0
A59: =計算表!A59 -> 58 | B59: =計算表!B59 -> 0 | C59: =計算表!C59 -> 2-屬性派生 | D59: =計算表!D59 -> 法力上限 | E59: =計算表!E59 -> (a+智力×b+法力定值) | F59: =計算表!F59 -> a=基礎 b=每點智力。再乘轉生倍率。 | G59: =計算表!G59 -> 100 | H59: =計算表!H59 -> 2 | ... R59: =計算表!R59 -> 0
A60: =計算表!A60 -> 59 | B60: =計算表!B60 -> 0 | C60: =計算表!C60 -> 2-屬性派生 | D60: =計算表!D60 -> 法力恢復/秒 | E60: a+智力×b+體質×c+加成 | F60: a=基礎 b=每點智力 c=每點體質。 | G60: =計算表!G60 -> 1 | H60: 0.01 | I60: 0.02 | J60: =計算表!J60 -> 0 | K60: =計算表!K60 -> 0 | L60: =計算表!L60 -> 0 | M60: =計算表!M60 -> 0 | N60: =計算表!N60 -> 0 | O60: =計算表!O60 -> 0 | P60: =計算表!P60 -> 0 | Q60: =計算表!Q60 -> 0 | R60: =計算表!R60 -> 0
A61: =計算表!A61 -> 60 | B61: =計算表!B61 -> 0 | C61: =計算表!C61 -> 2-屬性派生 | D61: =計算表!D61 -> 物理攻擊 | E61: =計算表!E61 -> (a+物攻定值+b×物攻定值*c^轉生次數+力量×d)×(1+物攻%) | F61: =計算表!F61 -> a=基礎 b=定值加成 c=轉生加成指數底 d=每點力量。 | G61: =計算表!G61 -> 20 | H61: =計算表!H61 -> 1.2 | ... R61: =計算表!R61 -> 0
A62: =計算表!A62 -> 61 | B62: =計算表!B62 -> 0 | C62: =計算表!C62 -> 2-屬性派生 | D62: =計算表!D62 -> 魔法攻擊 | E62: =計算表!E62 -> (a+魔攻定值+b×魔攻定值*c^轉生次數+智力×d)×(1+魔攻%) | F62: =計算表!F62 -> a=基礎 b=定值加成 c=轉生加成指數底 d=每點智力。 | G62: =計算表!G62 -> 16 | H62: =計算表!H62 -> 1.2 | ... R62: =計算表!R62 -> 0
A63: =計算表!A63 -> 62 | B63: =計算表!B63 -> 0 | C63: =計算表!C63 -> 2-屬性派生 | D63: =計算表!D63 -> 物理防禦 | E63: (a+物防定值+b×物防定值*c^轉生次數+力量×d+體質*e)×(1+物防%) | F63: a=基礎 b=定值加成 c=轉生加成指數底 d=每點力量 e=每點體質。 | G63: =計算表!G63 -> 3 | H63: =計算表!H63 -> 0.75 | I63: =計算表!I63 -> 2.4 | J63: 0.5 | K63: 1 | L63: =計算表!L63 -> 0 | M63: =計算表!M63 -> 0 | N63: =計算表!N63 -> 0 | O63: =計算表!O63 -> 0 | P63: =計算表!P63 -> 0 | Q63: =計算表!Q63 -> 0 | R63: =計算表!R63 -> 0
A64: =計算表!A64 -> 63 | B64: =計算表!B64 -> 0 | C64: =計算表!C64 -> 2-屬性派生 | D64: =計算表!D64 -> 魔法防禦 | E64: (a+魔防定值+b×魔防定值*c^轉生次數+智力×d+體質*e)×(1+魔防%) | F64: a=基礎 b=定值加成 c=轉生加成指數底 d=每點智力 e=每點體質。 | G64: =計算表!G64 -> 2 | H64: =計算表!H64 -> 0.75 | I64: =計算表!I64 -> 2.4 | J64: 0 | K64: 1 | L64: =計算表!L64 -> 0 | M64: =計算表!M64 -> 0 | N64: =計算表!N64 -> 0 | O64: =計算表!O64 -> 0 | P64: =計算表!P64 -> 0 | Q64: =計算表!Q64 -> 0 | R64: =計算表!R64 -> 0
A65: =計算表!A65 -> 64 | B65: =計算表!B65 -> 0 | C65: =計算表!C65 -> 2-屬性派生 | D65: =計算表!D65 -> 暴擊率 | E65: =計算表!E65 -> a+敏捷×b+加成 | F65: =計算表!F65 -> a=基礎% b=每點敏捷。上限 100%。 | G65: =計算表!G65 -> 5 | H65: 0 | I65: =計算表!I65 -> 0 | J65: =計算表!J65 -> 0 | K65: =計算表!K65 -> 0 | L65: =計算表!L65 -> 0 | M65: =計算表!M65 -> 0 | N65: =計算表!N65 -> 0 | O65: =計算表!O65 -> 0 | P65: =計算表!P65 -> 0 | ... R65: =計算表!R65 -> 0
A66: =計算表!A66 -> 65 | B66: =計算表!B66 -> 0 | C66: =計算表!C66 -> 2-屬性派生 | D66: =計算表!D66 -> 連擊數 | E66: 每次攻擊命中有 a% 機率追加「連擊數」次攻擊；連擊數 = b×LN(暴擊溢出%) + c×LN(攻速溢出%) + d×LN(冷卻縮減溢出%) | F66: a=命中時觸發連擊的機率% b=暴擊乘數 c=攻速乘數 d=冷卻縮減乘數。溢出% = 超出門檻的部分（暴擊門檻 100%：暴擊率 250% → 溢出 150% → LN(1.5)；攻速用攻速加成%（裝備詞條上的值，未夾上限），門檻 = 攻速剛好到 5 次/秒所需的加成%（約 481.4%）：溢出% = 攻速加成% − 門檻；冷卻縮減門檻 = 冷卻縮減上限 60%：溢出% = 冷卻縮減−60，用未夾上限的原始值）。溢出% 不超過 100%（LN ≤ 0）時該項為 0。門檻本身不在此表（暴擊 100% 為程式常數，攻速／冷卻縮減跟著各自上限）。 | G66: 25 | H66: 0.5 | I66: 0.65 | J66: 0.8 | K66: =計算表!K66 -> 0 | L66: =計算表!L66 -> 0 | M66: =計算表!M66 -> 0 | N66: =計算表!N66 -> 0 | O66: =計算表!O66 -> 0 | P66: =計算表!P66 -> 0 | Q66: =計算表!Q66 -> 0 | R66: =計算表!R66 -> 0
A67: =計算表!A67 -> 66 | B67: =計算表!B67 -> 0 | C67: =計算表!C67 -> 2-屬性派生 | D67: =計算表!D67 -> 暴擊傷害 | E67: a+敏捷×b+加成 | F67: a=基礎%（無上限）b=每點敏捷%。 | G67: =計算表!G67 -> 150 | H67: 1 | I67: =計算表!I67 -> 0 | J67: =計算表!J67 -> 0 | K67: =計算表!K67 -> 0 | L67: =計算表!L67 -> 0 | M67: =計算表!M67 -> 0 | N67: =計算表!N67 -> 0 | O67: =計算表!O67 -> 0 | P67: =計算表!P67 -> 0 | ... R67: =計算表!R67 -> 0
A68: =計算表!A68 -> 67 | B68: =計算表!B68 -> 0 | C68: =計算表!C68 -> 2-屬性派生 | D68: =計算表!D68 -> 攻擊速度 | E68: =計算表!E68 -> 攻速遞減計算：實際攻速 = 1 + a * (攻速總加成) - b * (攻速總加成)^c | F68: =計算表!F68 -> a,b = 系數 c=乘方值 | G68: =計算表!G68 -> 0.86 | H68: 0 | I68: =計算表!I68 -> 1.4 | J68: =計算表!J68 -> 0 | K68: =計算表!K68 -> 0 | L68: =計算表!L68 -> 0 | M68: =計算表!M68 -> 0 | N68: =計算表!N68 -> 0 | O68: =計算表!O68 -> 0 | P68: =計算表!P68 -> 0 | ... R68: =計算表!R68 -> 0
A69: =計算表!A69 -> 68 | B69: =計算表!B69 -> 0 | C69: =計算表!C69 -> 2-屬性派生 | D69: =計算表!D69 -> 命中率 | E69: =計算表!E69 -> 敏捷×a+加成 | F69: =計算表!F69 -> a=每點敏捷%（減去敵方閃避後最低 5%）。 | G69: 0.02 | H69: =計算表!H69 -> 0 | I69: =計算表!I69 -> 0 | J69: =計算表!J69 -> 0 | K69: =計算表!K69 -> 0 | L69: =計算表!L69 -> 0 | M69: =計算表!M69 -> 0 | N69: =計算表!N69 -> 0 | O69: =計算表!O69 -> 0 | ... R69: =計算表!R69 -> 0
A70: =計算表!A70 -> 69 | B70: =計算表!B70 -> 0 | C70: =計算表!C70 -> 2-屬性派生 | D70: =計算表!D70 -> 閃避率 | E70: =計算表!E70 -> 敏捷×a+加成 | F70: =計算表!F70 -> a=每點敏捷%。 | G70: 0.02 | H70: =計算表!H70 -> 0 | I70: =計算表!I70 -> 0 | J70: =計算表!J70 -> 0 | K70: =計算表!K70 -> 0 | L70: =計算表!L70 -> 0 | M70: =計算表!M70 -> 0 | N70: =計算表!N70 -> 0 | O70: =計算表!O70 -> 0 | ... R70: =計算表!R70 -> 0
A71: =計算表!A71 -> 70 | B71: =計算表!B71 -> 0 | C71: =計算表!C71 -> 2-屬性派生 | D71: 生命恢復/秒 | E71: 力量×a+體質×b+詞條 | F71: a=每點力量 b=每點體質。 | G71: 0.03 | H71: 0.06 | I71: =計算表!I71 -> 0 | J71: =計算表!J71 -> 0 | K71: =計算表!K71 -> 0 | L71: =計算表!L71 -> 0 | M71: =計算表!M71 -> 0 | N71: =計算表!N71 -> 0 | O71: =計算表!O71 -> 0 | P71: =計算表!P71 -> 0 | ... R71: =計算表!R71 -> 0
A72: =計算表!A72 -> 71 | B72: =計算表!B72 -> 0 | C72: =計算表!C72 -> 2-屬性派生 | D72: =計算表!D72 -> 野外基礎生命恢復 | E72: =計算表!E72 -> (a + 加成)/秒 | F72: =計算表!F72 -> a=基礎生命回復定值。 | G72: =計算表!G72 -> 5 | H72: =計算表!H72 -> 0 | ... R72: =計算表!R72 -> 0
A73: =計算表!A73 -> 72 | B73: =計算表!B73 -> 0 | C73: =計算表!C73 -> 2-屬性派生 | D73: =計算表!D73 -> 全局減傷 | E73: =計算表!E73 -> min(a%, 總合/(總合+b)) | F73: =計算表!F73 -> a=減傷上限% b=分母常數。無此詞綴時倍率為 1。 | G73: =計算表!G73 -> 100 | H73: =計算表!H73 -> 2500 | ... R73: =計算表!R73 -> 0
A74: =計算表!A74 -> 73 | B74: =計算表!B74 -> 0 | C74: =計算表!C74 -> 3-元素特效 | D74: =計算表!D74 -> 冰霜 特效 | E74: =計算表!E74 -> 每次命中 a% 機率觸發 | F74: =計算表!F74 -> 敵人減速 2 秒（受控制時間縮減影響、可被控制抵抗擋下） | G74: =計算表!G74 -> 15 | H74: =計算表!H74 -> 0 | ... R74: =計算表!R74 -> 0
A75: =計算表!A75 -> 74 | B75: =計算表!B75 -> 0 | C75: =計算表!C75 -> 3-元素特效 | D75: =計算表!D75 -> 雷電 特效 | E75: =計算表!E75 -> 每次命中 a% 機率觸發 | F75: =計算表!F75 -> 追加該次元素傷害 80% 的連鎖電擊 | G75: =計算表!G75 -> 10 | H75: =計算表!H75 -> 0 | ... R75: =計算表!R75 -> 0
A76: =計算表!A76 -> 75 | B76: =計算表!B76 -> 0 | C76: =計算表!C76 -> 3-元素特效 | D76: =計算表!D76 -> 劇毒 特效 | E76: =計算表!E76 -> 每次命中 a% 機率觸發 | F76: =計算表!F76 -> 中毒：每秒受元素傷害 50% 的跳傷，持續 4 秒（無視防禦） | G76: =計算表!G76 -> 25 | H76: =計算表!H76 -> 0 | ... R76: =計算表!R76 -> 0
A77: =計算表!A77 -> 76 | B77: =計算表!B77 -> 0 | C77: =計算表!C77 -> 3-元素特效 | D77: =計算表!D77 -> 聖光 特效 | E77: =計算表!E77 -> 每次命中 a% 機率觸發 | F77: =計算表!F77 -> 淨化攻擊者自身全部負面狀態 | G77: =計算表!G77 -> 20 | H77: =計算表!H77 -> 0 | ... R77: =計算表!R77 -> 0
A78: =計算表!A78 -> 77 | B78: =計算表!B78 -> 0 | C78: =計算表!C78 -> 3-元素特效 | D78: =計算表!D78 -> 暗影 特效 | E78: =計算表!E78 -> 每次命中 a% 機率觸發 | F78: =計算表!F78 -> 汲取元素傷害的 25% 回復生命 ※寫死：100%觸發、汲取元素傷害25%回復生命，無獨立可調參數。 | G78: =計算表!G78 -> 100 | H78: =計算表!H78 -> 0 | ... R78: =計算表!R78 -> 0
A79: =計算表!A79 -> 78 | B79: =計算表!B79 -> 0 | C79: =計算表!C79 -> 3-戰鬥核心 | D79: =計算表!D79 -> 防禦減傷率 | E79: =計算表!E79 -> 防禦/(防禦+a+b×攻擊者等級) | F79: =計算表!F79 -> a=常數 b=每級係數。有效防禦≤0 時視為 0% 減傷。 | G79: =計算表!G79 -> 10000 | H79: =計算表!H79 -> 100 | ... R79: =計算表!R79 -> 0
A80: =計算表!A80 -> 79 | B80: =計算表!B80 -> 0 | C80: =計算表!C80 -> 3-戰鬥核心 | D80: =計算表!D80 -> 敵種傷害抗性 | E80: =計算表!E80 -> 1 - a / (1+( 抗性值 / b)^c) | F80: =計算表!F80 -> a=常數 b=每級係數。普通敵人/菁英/BOSS傷害抗性三屬性共用曲線；依攻擊者敵種選用對應抗性總合，於全局減傷之後、最低傷害之前的最末端套用；抗性值≤0 時不減傷。詞條放出量見「表-詞條池」。 | G80: =計算表!G80 -> 0.95 | H80: =計算表!H80 -> 4000 | ... R80: =計算表!R80 -> 0
A81: =計算表!A81 -> 80 | B81: =計算表!B81 -> 0 | C81: =計算表!C81 -> 3-戰鬥核心 | D81: =計算表!D81 -> 物理抗性減傷 | E81: =計算表!E81 -> 1 - a / (1+( 抗性值 / b)^c) | F81: =計算表!F81 -> a=抗性次方 b=分母常數 c=敵人等級係數。抗性≤0 時不減傷。 | G81: =計算表!G81 -> 0.95 | H81: =計算表!H81 -> 18 | ... R81: =計算表!R81 -> 0
A82: =計算表!A82 -> 81 | B82: =計算表!B82 -> 0 | C82: =計算表!C82 -> 3-戰鬥核心 | D82: =計算表!D82 -> 魔法抗性減傷 | E82: =計算表!E82 -> 1 - a / (1+( 抗性值 / b)^c) | F82: =計算表!F82 -> a=抗性次方 b=分母常數 c=敵人等級係數。抗性≤0 時不減傷。 | G82: =計算表!G82 -> 0.95 | H82: =計算表!H82 -> 18 | ... R82: =計算表!R82 -> 0
A83: =計算表!A83 -> 82 | B83: =計算表!B83 -> 0 | C83: =計算表!C83 -> 3-戰鬥核心 | D83: =計算表!D83 -> 六系元素抗性減傷 | E83: =計算表!E83 -> 1 - a / (1+( 抗性值 / b)^c) | F83: =計算表!F83 -> a=抗性次方 b=分母常數 c=敵人等級係數。六系元素共用此曲線；抗性≤0 時不減傷。 | G83: =計算表!G83 -> 0.95 | H83: =計算表!H83 -> 18 | ... R83: =計算表!R83 -> 0
... A95: =計算表!A95 -> 94 | B95: =計算表!B95 -> 0 | C95: =計算表!C95 -> 3-戰鬥核心 | D95: =計算表!D95 -> 敵人爆擊 | E95: =計算表!E95 -> 爆擊率：普通a% 菁英b% BOSSc%；爆擊傷害 = 傷害×d% | F95: =計算表!F95 -> 敵人攻擊玩家時同樣會爆擊。a/b/c=各敵種爆擊率 d=共用爆擊傷害倍率%。玩家韌性會折減被爆擊機率：實際爆擊率 = 敵種爆擊率×(1-韌性%)。 | G95: =計算表!G95 -> 5 | H95: =計算表!H95 -> 3 | ... R95: =計算表!R95 -> 0
A96: =計算表!A96 -> 95 | B96: =計算表!B96 -> 0 | C96: =計算表!C96 -> 3-戰鬥核心 | D96: =計算表!D96 -> 穿透忽略防禦 | E96: =計算表!E96 -> 忽略敵人防禦% = 穿透%/(穿透%+a) | G96: =計算表!G96 -> 0.75 | H96: =計算表!H96 -> 0 | I96: =計算表!I96 -> 0 | J96: =計算表!J96 -> 0 | K96: =計算表!K96 -> 0 | L96: =計算表!L96 -> 0 | M96: =計算表!M96 -> 0 | N96: =計算表!N96 -> 0 | ... R96: =計算表!R96 -> 0
A97: =計算表!A97 -> 96 | B97: =計算表!B97 -> 0 | C97: =計算表!C97 -> 4-高塔BOSS | D97: =計算表!D97 -> 對應野外階段 | E97: =計算表!E97 -> a+樓層×b（試煉a、b｜地獄c、d｜煉獄e、f） | F97: =計算表!F97 -> 各塔獨立：試煉用a、b，地獄用c、d，煉獄用e、f。以此階段的野外怪為基準。 | G97: =計算表!G97 -> 4 | H97: =計算表!H97 -> 5 | ... R97: =計算表!R97 -> 0
A98: =計算表!A98 -> 97 | B98: =計算表!B98 -> 0 | C98: =計算表!C98 -> 4-高塔BOSS | D98: =計算表!D98 -> BOSS 等級 | E98: =計算表!E98 -> 對應階段+a（試煉a｜地獄b｜煉獄c） | F98: =計算表!F98 -> 各塔獨立等級加值：a=試煉 b=地獄 c=煉獄。 | G98: =計算表!G98 -> 3 | H98: =計算表!H98 -> 3 | ... R98: =計算表!R98 -> 0
A99: =計算表!A99 -> 98 | B99: =計算表!B99 -> 0 | C99: =計算表!C99 -> 4-高塔BOSS | D99: =計算表!D99 -> 命中率 | E99: =計算表!E99 -> a%+樓層×b%（試煉a、b｜地獄c、d｜煉獄e、f） | F99: =計算表!F99 -> 各塔獨立：試煉用a、b，地獄用c、d，煉獄用e、f。實際命中率沿用戰鬥核心：clamp(命中-玩家閃避, 5, 100)。 | G99: =計算表!G99 -> 200 | H99: =計算表!H99 -> 70 | ... R99: =計算表!R99 -> 0
A100: =計算表!A100 -> 99 | B100: =計算表!B100 -> 0 | C100: =計算表!C100 -> 4-高塔BOSS | D100: =計算表!D100 -> 挑戰金幣消耗 | E100: =計算表!E100 -> round(a×樓層^b) | F100: =計算表!F100 -> 開始挑戰前扣除，失敗或撤退不退回。 | G100: =計算表!G100 -> {1~50,a=10000,b=1.8} | H100: =計算表!H100 -> {51~100,a=50000,b=2} | ... R100: =計算表!R100 -> 0
A101: =計算表!A101 -> 100 | B101: =計算表!B101 -> 0 | C101: =計算表!C101 -> 4-高塔BOSS | D101: =計算表!D101 -> 生命 | E101: =計算表!E101 -> 基準生命×a（試煉a｜地獄b｜煉獄c） | F101: =計算表!F101 -> 各塔獨立總倍率（直接乘基準生命、不再鏈乘）：a=試煉 b=地獄 c=煉獄。 | G101: =計算表!G101 -> 20 | H101: =計算表!H101 -> 400 | ... R101: =計算表!R101 -> 0
A102: =計算表!A102 -> 101 | B102: =計算表!B102 -> 0 | C102: =計算表!C102 -> 4-高塔BOSS | D102: =計算表!D102 -> 攻擊 | E102: =計算表!E102 -> 基準攻擊×a（試煉a｜地獄b｜煉獄c） | F102: =計算表!F102 -> 各塔獨立總倍率（直接乘基準攻擊、不再鏈乘）：a=試煉 b=地獄 c=煉獄。 | G102: =計算表!G102 -> 3 | H102: =計算表!H102 -> 15 | ... R102: =計算表!R102 -> 0
A103: =計算表!A103 -> 102 | B103: =計算表!B103 -> 0 | C103: =計算表!C103 -> 4-高塔BOSS | D103: =計算表!D103 -> 物/魔防 | E103: =計算表!E103 -> 基準物/魔防×a（試煉a｜地獄b｜煉獄c） | F103: =計算表!F103 -> 各塔獨立防禦倍率：a=試煉 b=地獄 c=煉獄。 | G103: =計算表!G103 -> 10 | H103: =計算表!H103 -> 10 | ... R103: =計算表!R103 -> 0
A104: =計算表!A104 -> 103 | B104: =計算表!B104 -> 0 | C104: =計算表!C104 -> 4-高塔BOSS | D104: =計算表!D104 -> 攻速 / 控制抵抗 | E104: =計算表!E104 -> 攻速a 次/秒；控制抵抗b%（試煉a、b｜地獄c、d｜煉獄e、f） | F104: =計算表!F104 -> 各塔獨立：試煉用a、b，地獄用c、d，煉獄用e、f。 | G104: =計算表!G104 -> 3 | H104: =計算表!H104 -> 70 | ... R104: =計算表!R104 -> 0
A105: =計算表!A105 -> 104 | B105: =計算表!B105 -> 0 | C105: =計算表!C105 -> 4-高塔BOSS | D105: =計算表!D105 -> 閃避率 | E105: =計算表!E105 -> min(a+樓層*c, b)%（試煉a~c｜地獄d~f｜煉獄g~i） | F105: =計算表!F105 -> 各塔獨立：a/d/g=基礎 b/e/h=上限 c/f/i=加乘值。 | G105: =計算表!G105 -> 8 | H105: =計算表!H105 -> 10000000 | ... R105: =計算表!R105 -> 0
A106: =計算表!A106 -> 105 | B106: =計算表!B106 -> 0 | C106: =計算表!C106 -> 4-高塔BOSS | D106: =計算表!D106 -> 元素附傷(元素 BOSS) | E106: =計算表!E106 -> 總魔攻×a（試煉a｜地獄b｜煉獄c） | F106: =計算表!F106 -> 各塔獨立係數：a=試煉 b=地獄 c=煉獄。以魔法攻擊結算。 | G106: =計算表!G106 -> 3 | H106: =計算表!H106 -> 3 | ... R106: =計算表!R106 -> 0
A107: =計算表!A107 -> 106 | B107: =計算表!B107 -> 0 | C107: =計算表!C107 -> 4-高塔BOSS | D107: =計算表!D107 -> 經驗 | E107: =計算表!E107 -> 建議野外階段普通怪經驗×a（試煉a｜地獄b｜煉獄c） | F107: =計算表!F107 -> 各塔獨立倍率：a=試煉 b=地獄 c=煉獄。再套用玩家經驗加成。 | G107: =計算表!G107 -> 2 | H107: =計算表!H107 -> 2 | ... R107: =計算表!R107 -> 0
A108: =計算表!A108 -> 107 | B108: =計算表!B108 -> 0 | C108: =計算表!C108 -> 4-高塔BOSS | D108: =計算表!D108 -> 戰鬥規則 | E108: =計算表!E108 -> 限時a秒；b秒檢查狂暴（血量>50%+狂暴閾值→傷害×c）；每d秒蓄力重擊×2.2（試煉a~d｜地獄e~h｜煉獄i~l） | F108: =計算表!F108 -> 各塔獨立：試煉a~d、地獄e~h、煉獄i~l；每組依序＝限時、狂暴檢查、狂暴傷害倍率、蓄力周期。 | G108: =計算表!G108 -> 60 | H108: =計算表!H108 -> 40 | ... R108: =計算表!R108 -> 8
... A119: =計算表!A119 -> 118 | B119: =計算表!B119 -> 0 | C119: =計算表!C119 -> 4-野外怪物 | D119: =計算表!D119 -> 攻擊 | E119: =計算表!E119 -> (a+階段×b)×c^(階段-1) | F119: =計算表!F119 -> a=常數 b=每階 c=指數底。 | G119: =計算表!G119 -> 2 | H119: =計算表!H119 -> 2 | ... R119: =計算表!R119 -> 0
A120: =計算表!A120 -> 119 | B120: =計算表!B120 -> 0 | C120: =計算表!C120 -> 4-野外怪物 | D120: =計算表!D120 -> 物理防禦 | E120: =計算表!E120 -> (a+階段×b)×c^(階段-1) | F120: =計算表!F120 -> 魔法防禦 = 物理防禦×0.75。 | G120: =計算表!G120 -> 2 | H120: =計算表!H120 -> 0.5 | I120: 1.0449999999999999 | J120: =計算表!J120 -> 0 | K120: =計算表!K120 -> 0 | L120: =計算表!L120 -> 0 | M120: =計算表!M120 -> 0 | N120: =計算表!N120 -> 0 | O120: =計算表!O120 -> 0 | P120: =計算表!P120 -> 0 | Q120: =計算表!Q120 -> 0 | R120: =計算表!R120 -> 0
A121: =計算表!A121 -> 120 | B121: =計算表!B121 -> 0 | C121: =計算表!C121 -> 4-野外怪物 | D121: =計算表!D121 -> 金幣 | E121: =計算表!E121 -> (a+階段×b)×c^(階段-1) | F121: =計算表!F121 -> a=常數 b=每階 c=指數底。 | G121: =計算表!G121 -> 250 | H121: =計算表!H121 -> 1 | ... R121: =計算表!R121 -> 0
A122: =計算表!A122 -> 121 | B122: =計算表!B122 -> 0 | C122: =計算表!C122 -> 4-野外怪物 | D122: =計算表!D122 -> 經驗 | E122: =計算表!E122 -> (a+階段×b)×c^(階段-1) | F122: =計算表!F122 -> a=常數 b=每階 c=指數底。 | G122: =計算表!G122 -> 120 | H122: =計算表!H122 -> 2 | ... R122: =計算表!R122 -> 0
A123: =計算表!A123 -> 122 | B123: =計算表!B123 -> 0 | C123: =計算表!C123 -> 4-野外怪物 | D123: =計算表!D123 -> 攻擊速度 | E123: =計算表!E123 -> a 次/秒 | F123: =計算表!F123 -> a=普通怪攻速。 | G123: =計算表!G123 -> 1 | H123: =計算表!H123 -> 0 | ... R123: =計算表!R123 -> 0
A124: =計算表!A124 -> 123 | B124: =計算表!B124 -> 0 | C124: =計算表!C124 -> 4-野外怪物 | D124: =計算表!D124 -> 命中率 | E124: =計算表!E124 -> a%+敵人等級×b% | F124: =計算表!F124 -> 敵人等級=階段。實際命中率沿用戰鬥核心：clamp(命中-玩家閃避, 5, 100)。 | G124: =計算表!G124 -> 100 | H124: =計算表!H124 -> {1~49=0.5} | ... R124: =計算表!R124 -> 0
A125: =計算表!A125 -> 124 | B125: =計算表!B125 -> 0 | C125: =計算表!C125 -> 4-野外怪物 | D125: =計算表!D125 -> 閃避率 | E125: =計算表!E125 -> a%+敵人等級×b% | F125: =計算表!F125 -> 敵人等級=階段。實際命中率沿用戰鬥核心：clamp(閃避-玩家命中, 5, 100)。 | G125: =計算表!G125 -> 5 | H125: =計算表!H125 -> {1~49=0.5} | ... R125: =計算表!R125 -> 0
A126: =計算表!A126 -> 125 | B126: =計算表!B126 -> 0 | C126: =計算表!C126 -> 4-野外怪物 | D126: =計算表!D126 -> 菁英倍率 | E126: =計算表!E126 -> 生命×a 攻擊×b 金幣經驗×c 閃避d 攻速e | F126: =計算表!F126 -> 菁英出現於階段為 10 的倍數，敵人數量與普通怪一致。〔菁英現在成群出現（可能帶小兵），普通關也會遇到；群的設定見「4-菁英群組」。小兵不吃這一列的倍率。〕 | G126: =計算表!G126 -> 4 | H126: =計算表!H126 -> 2 | ... R126: =計算表!R126 -> 0
A127: =計算表!A127 -> 126 | B127: =計算表!B127 -> 0 | C127: =計算表!C127 -> 4-野外怪物 | D127: =計算表!D127 -> 野外菁英掉落倍率 | E127: =計算表!E127 -> 所有掉落 ×a | F127: =計算表!F127 -> 菁英敵人裝備/材料/寶石掉落率統一乘 a（程式實際值）。 | G127: =計算表!G127 -> 1.5 | H127: =計算表!H127 -> 0 | ... R127: =計算表!R127 -> 0
A128: =計算表!A128 -> 127 | B128: =計算表!B128 -> 0 | C128: =計算表!C128 -> 4-敵人數量 | D128: =計算表!D128 -> 小怪 數量權重(荒漠1~20關) | E128: =計算表!E128 -> 權重表：{數量,權重} 或 {下限~上限,權重} | F128: =計算表!F128 -> 每波獨立擲骰。權重只看相對大小，總和不必湊 100；填 0 或留空＝不會被抽中。數量上限為棋盤總格數（見 4-戰場站位/棋盤格數）。 | G128: =計算表!G128 -> {1~2,95} | H128: =計算表!H128 -> {3,5} | ... R128: =計算表!R128 -> 0
A129: =計算表!A129 -> 128 | B129: =計算表!B129 -> 0 | C129: =計算表!C129 -> 4-敵人數量 | D129: =計算表!D129 -> 小怪 數量權重(荒漠21~40關) | E129: =計算表!E129 -> 權重表：{數量,權重} 或 {下限~上限,權重} | F129: =計算表!F129 -> 每波獨立擲骰。權重只看相對大小，總和不必湊 100；填 0 或留空＝不會被抽中。數量上限為棋盤總格數（見 4-戰場站位/棋盤格數）。 | G129: =計算表!G129 -> {1~2,90} | H129: =計算表!H129 -> {3,10} | ... R129: =計算表!R129 -> 0
A130: =計算表!A130 -> 129 | B130: =計算表!B130 -> 0 | C130: =計算表!C130 -> 4-敵人數量 | D130: =計算表!D130 -> 小怪 數量權重(荒漠41~60關) | E130: =計算表!E130 -> 權重表：{數量,權重} 或 {下限~上限,權重} | F130: =計算表!F130 -> 每波獨立擲骰。權重只看相對大小，總和不必湊 100；填 0 或留空＝不會被抽中。數量上限為棋盤總格數（見 4-戰場站位/棋盤格數）。 | G130: =計算表!G130 -> {1~2,85} | H130: =計算表!H130 -> {3,14} | ... R130: =計算表!R130 -> 0
A131: =計算表!A131 -> 130 | B131: =計算表!B131 -> 0 | C131: =計算表!C131 -> 4-敵人數量 | D131: =計算表!D131 -> 小怪 數量權重(荒漠61~80關) | E131: =計算表!E131 -> 權重表：{數量,權重} 或 {下限~上限,權重} | F131: =計算表!F131 -> 每波獨立擲骰。權重只看相對大小，總和不必湊 100；填 0 或留空＝不會被抽中。數量上限為棋盤總格數（見 4-戰場站位/棋盤格數）。 | G131: =計算表!G131 -> {1~3,80} | H131: =計算表!H131 -> {4,12} | ... R131: =計算表!R131 -> 0
A132: =計算表!A132 -> 131 | B132: =計算表!B132 -> 0 | C132: =計算表!C132 -> 4-敵人數量 | D132: =計算表!D132 -> 小怪 數量權重(荒漠81~100關) | E132: =計算表!E132 -> 權重表：{數量,權重} 或 {下限~上限,權重} | F132: =計算表!F132 -> 每波獨立擲骰。權重只看相對大小，總和不必湊 100；填 0 或留空＝不會被抽中。數量上限為棋盤總格數（見 4-戰場站位/棋盤格數）。 | G132: =計算表!G132 -> {1~3,60} | H132: =計算表!H132 -> {4,20} | ... R132: =計算表!R132 -> 0
... A145: =計算表!A145 -> 144 | B145: =計算表!B145 -> 0 | C145: =計算表!C145 -> 5-太古詞條 | D145: =計算表!D145 -> 太古詞條產生率(2詞條) | E145: =計算表!E145 -> 權重擲骰：a~c = 0~2條太古的權重% | F145: =計算表!F145 -> 裝備產出時依詞條數量決定太古條數與隨機位置（位置永久固定，洗煉不變）。a=0條 b=1條 c=2條。 | G145: =計算表!G145 -> 92 | H145: =計算表!H145 -> 7.5 | ... R145: =計算表!R145 -> 0
A146: =計算表!A146 -> 145 | B146: =計算表!B146 -> 0 | C146: =計算表!C146 -> 5-太古詞條 | D146: =計算表!D146 -> 太古詞條產生率(3詞條) | E146: =計算表!E146 -> 權重擲骰：a~d = 0~3條太古的權重% | F146: =計算表!F146 -> 裝備產出時依詞條數量決定太古條數與隨機位置（位置永久固定，洗煉不變）。a=0條 b=1條 c=2條 d=3條。 | G146: 78.100000000000009 | H146: =計算表!H146 -> 19.2 | I146: =計算表!I146 -> 2.4 | J146: =計算表!J146 -> 0.3 | K146: =計算表!K146 -> 0 | L146: =計算表!L146 -> 0 | M146: =計算表!M146 -> 0 | N146: =計算表!N146 -> 0 | O146: =計算表!O146 -> 0 | ... R146: =計算表!R146 -> 0
A147: =計算表!A147 -> 146 | B147: =計算表!B147 -> 0 | C147: =計算表!C147 -> 5-太古詞條 | D147: =計算表!D147 -> 太古詞條產生率(4詞條) | E147: =計算表!E147 -> 權重擲骰：a~e = 0~4條太古的權重% | F147: =計算表!F147 -> 裝備產出時依詞條數量決定太古條數與隨機位置（位置永久固定，洗煉不變）。a=0條 b=1條 c=2條 d=3條 e=4條。 | G147: 72.113600000000005 | H147: 22.118399999999998 | I147: 4.6079999999999997 | J147: =計算表!J147 -> 0.96 | K147: =計算表!K147 -> 0.2 | L147: =計算表!L147 -> 0 | M147: =計算表!M147 -> 0 | N147: =計算表!N147 -> 0 | O147: =計算表!O147 -> 0 | P147: =計算表!P147 -> 0 | Q147: =計算表!Q147 -> 0 | R147: =計算表!R147 -> 0
A148: =計算表!A148 -> 147 | B148: =計算表!B148 -> 0 | C148: =計算表!C148 -> 5-太古詞條 | D148: =計算表!D148 -> 太古詞條產生率(5詞條) | E148: =計算表!E148 -> 權重擲骰：a~f = 0~5條太古的權重% | F148: =計算表!F148 -> 裝備產出時依詞條數量決定太古條數與隨機位置（位置永久固定，洗煉不變）。a=0條 b=1條 c=2條 d=3條 e=4條 f=5條。 | G148: 53.837361999999999 | H148: 33.734898000000001 | I148: =計算表!I148 -> 9.11754 | J148: 2.4641999999999999 | K148: 0.66600000000000004 | L148: =計算表!L148 -> 0.18 | M148: =計算表!M148 -> 0 | N148: =計算表!N148 -> 0 | O148: =計算表!O148 -> 0 | P148: =計算表!P148 -> 0 | Q148: =計算表!Q148 -> 0 | R148: =計算表!R148 -> 0
...

Sheet 計算表
A1: 編號 | B1: 變動 | C1: 系統分類 | D1: 名稱 | E1: 參數化公式 | F1: 中文說明 | G1: 參數a | H1: 參數b | I1: 參數c | J1: 參數d | K1: 參數e | L1: 參數f | M1: 參數g | N1: 參數h | O1: 參數i | P1: 參數j | Q1: 參數k | R1: 參數l
A2: 1 | B2: 0 | C2: 0-遊戲預設 | D2: 開場金幣 | E2: a | F2: 新遊戲與重新開局時給予的金幣數量。 | G2: 50000 | H2: 0 | I2: 0 | J2: 0 | K2: 0 | L2: 0 | M2: 0 | N2: 0 | O2: 0 | P2: 0 | Q2: 0 | R2: 0
A3: =A2+1 -> 2 | B3: 0 | C3: 0-遊戲預設 | D3: 開場裝備碎片 | E3: a | F3: 新遊戲與重新開局時給予的裝備碎片數量。 | G3: 500 | H3: 0 | I3: 0 | J3: 0 | K3: 0 | L3: 0 | M3: 0 | N3: 0 | O3: 0 | P3: 0 | Q3: 0 | R3: 0
A4: =A3+1 -> 3 | B4: 0 | C4: 0-遊戲預設 | D4: 開場附魔精華 | E4: a | F4: 新遊戲與重新開局時給予的附魔精華數量。 | G4: 100 | H4: 0 | I4: 0 | J4: 0 | K4: 0 | L4: 0 | M4: 0 | N4: 0 | O4: 0 | P4: 0 | Q4: 0 | R4: 0
A5: =A4+1 -> 4 | B5: 0 | C5: 10-離線 | D5: 有效離線時間 | E5: min(實際離線秒數, a 小時) | F5: 1 分鐘內不計。 | G5: 24 | H5: 0 | I5: 0 | J5: 0 | K5: 0 | L5: 0 | M5: 0 | N5: 0 | O5: 0 | P5: 0 | Q5: 0 | R5: 0
A6: =A5+1 -> 5 | B6: 0 | C6: 10-離線 | D6: 計算等級 | E6: 捨去((目前地圖最高階段 × c - a) ÷ b) × b（下限 1） | F6: a=等級扣減；b=取整單位；c=關卡比例；以此等級的當前場景菁英怪計算離線收益。 | G6: 10 | H6: 10 | I6: 1 | J6: 0 | K6: 0 | L6: 0 | M6: 0 | N6: 0 | O6: 0 | P6: 0 | Q6: 0 | R6: 0
A7: =A6+1 -> 6 | B7: 0 | C7: 10-離線 | D7: 擊殺速率 | E7: 每 a 秒擊殺 1 隻菁英怪 | F7: a=擊殺間隔秒數；擊殺數 = ⌊有效離線秒數 ÷ a⌋，每隻菁英怪及其掉落單獨擲骰。 | G7: 10 | H7: 0 | I7: 0 | J7: 0 | K7: 0 | L7: 0 | M7: 0 | N7: 0 | O7: 0 | P7: 0 | Q7: 0 | R7: 0
A8: =A7+1 -> 7 | B8: 0 | C8: 10-離線 | D8: 怪物種類 | E8: a＝1 時使用菁英怪；a＝0 時使用普通怪 | F8: 離線收益的怪物種類；菁英怪會套用菁英經驗與掉落倍率。 | G8: 1 | H8: 0 | I8: 0 | J8: 0 | K8: 0 | L8: 0 | M8: 0 | N8: 0 | O8: 0 | P8: 0 | Q8: 0 | R8: 0
A9: =A8+1 -> 8 | B9: 0 | C9: 1-成長經驗 | D9: 升級所需經驗 | E9: (a×等級^b+c)×轉生經驗倍率+轉生經驗基礎增加值 | F9: 升到下一級所需經驗；a=係數 b=次方 c=常數 d=等級上限。轉生經驗倍率見「轉生對照表」 | G9: 20 | H9: 3 | I9: 40 | J9: 1000 | K9: 0 | L9: 0 | M9: 0 | N9: 0 | O9: 0 | P9: 0 | Q9: 0 | R9: 0
A10: =A9+1 -> 9 | B10: 0 | C10: 1-成長經驗 | D10: 等級基礎四維 | E10: a+(等級-1)×b | F10: 力/敏/智/耐四項相同，每升 1 級各 +b。a=初始值 b=每級成長。 | G10: 5 | H10: 2 | I10: 0 | J10: 0 | K10: 0 | L10: 0 | M10: 0 | N10: 0 | O10: 0 | P10: 0 | Q10: 0 | R10: 0
A11: =A10+1 -> 10 | B11: 0 | C11: 1-成長經驗 | D11: 技能點總預算 | E11: 基礎a + 技能熟練度等級 + 潛力天賦加成 | F11: 2026-07-30 改制：技能點不再隨角色升級發放，改由技能熟練度提供（每級 1 點）。a=基礎點數（開局兩個 1 級技能）；b 停用；c=舊制上限常數（保留相容）。 | G11: 3 | H11: 1 | I11: 10000 | J11: 0 | K11: 0 | L11: 0 | M11: 0 | N11: 0 | O11: 0 | P11: 0 | Q11: 0 | R11: 0
A12: =A11+1 -> 11 | B12: 0 | C12: 1-成長經驗 | D12: 技能裝載欄 | E12: clamp(⌊等級/a⌋, b, c) | F12: 每 a 級 +1 格，最少 b、最多 c。 | G12: 50 | H12: 4 | I12: 6 | J12: 0 | K12: 0 | L12: 0 | M12: 0 | N12: 0 | O12: 0 | P12: 0 | Q12: 0 | R12: 0
A13: =A12+1 -> 12 | B13: 0 | C13: 1-成長經驗 | D13: 可轉生等級 / 最高轉生 | E13: 達到a級可轉生；最高b轉 | F13: a=可轉生等級 b=最高轉生次數。 | G13: 1000 | H13: 20 | I13: 0 | J13: 0 | K13: 0 | L13: 0 | M13: 0 | N13: 0 | O13: 0 | P13: 0 | Q13: 0 | R13: 0
A14: =A13+1 -> 13 | B14: 0 | C14: 1-成長經驗 | D14: 神鑄系統解鎖等級 | E14: b 轉達到a級開放 | F14: 解鎖後永久保留，轉生不關閉。a=解鎖等級 b=解鎖轉生等級，必需兩個條件都滿足才解鎖 | G14: 1 | H14: 1 | I14: 0 | J14: 0 | K14: 0 | L14: 0 | M14: 0 | N14: 0 | O14: 0 | P14: 0 | Q14: 0 | R14: 0
... A16: =A15+1 -> 15 | B16: 0 | C16: 1-成長經驗 | D16: 技能熟練度 | E16: 上限 a 級；擊殺技能經驗 = 怪物經驗 × b% | F16: 打怪（野外/高塔/離線）獲得技能經驗；每升 1 級 +1 技能點。初始 0 級。 | G16: 1000 | H16: 90 | I16: 0 | J16: 0 | K16: 0 | L16: 0 | M16: 0 | N16: 0 | O16: 0 | P16: 0 | Q16: 0 | R16: 0
A17: =A16+1 -> 16 | B17: 0 | C17: 1-轉生對照表 | D17: 轉生 0 次 | E17: （查表） | F17: a=生命與四維最終倍率 b=升級經驗倍率 c=升級經驗基礎增加值 d=階級名稱 e=全部技能等級上限（2026-07-30 改制：未轉生 10、轉生後 15；含被動/融合/潛力） f=融合技增加上限（改制後歸零，融合技與一般技能共用上限）。 | G17: 1 | H17: 10^0 | I17: 0 | J17: 冒險者 | K17: 10 | L17: 0 | M17: 0 | N17: 0 | O17: 0 | P17: 0 | Q17: 0 | R17: 0
A18: =A17+1 -> 17 | B18: 0 | C18: 1-轉生對照表 | D18: 轉生 1 次 | E18: （查表） | F18: a=生命與四維最終倍率 b=升級經驗倍率 c=升級經驗基礎增加值 d=階級名稱 e=全部技能等級上限（2026-07-30 改制：未轉生 10、轉生後 15；含被動/融合/潛力） f=融合技增加上限（改制後歸零，融合技與一般技能共用上限）。 | G18: 1.5 | H18: 10^1 | I18: 500000 | J18: 勇者 | K18: 12 | L18: 0 | M18: 0 | N18: 0 | O18: 0 | P18: 0 | Q18: 0 | R18: 0
A19: =A18+1 -> 18 | B19: 0 | C19: 1-轉生對照表 | D19: 轉生 2 次 | E19: （查表） | F19: a=生命與四維最終倍率 b=升級經驗倍率 c=升級經驗基礎增加值 d=階級名稱 e=全部技能等級上限（2026-07-30 改制：未轉生 10、轉生後 15；含被動/融合/潛力） f=融合技增加上限（改制後歸零，融合技與一般技能共用上限）。 | G19: 2.5 | H19: 10^2 | I19: 1500000 | J19: 大劍師 | K19: 14 | L19: 0 | M19: 0 | N19: 0 | O19: 0 | P19: 0 | Q19: 0 | R19: 0
A20: =A19+1 -> 19 | B20: 0 | C20: 1-轉生對照表 | D20: 轉生 3 次 | E20: （查表） | F20: a=生命與四維最終倍率 b=升級經驗倍率 c=升級經驗基礎增加值 d=階級名稱 e=全部技能等級上限（2026-07-30 改制：未轉生 10、轉生後 15；含被動/融合/潛力） f=融合技增加上限（改制後歸零，融合技與一般技能共用上限）。 | G20: 3.5 | H20: 10^3 | I20: 3000000 | J20: 破世者 | K20: 16 | L20: 0 | M20: 0 | N20: 0 | O20: 0 | P20: 0 | Q20: 0 | R20: 0
A21: =A20+1 -> 20 | B21: 0 | C21: 1-轉生對照表 | D21: 轉生 4 次 | E21: （查表） | F21: a=生命與四維最終倍率 b=升級經驗倍率 c=升級經驗基礎增加值 d=階級名稱 e=全部技能等級上限（2026-07-30 改制：未轉生 10、轉生後 15；含被動/融合/潛力） f=融合技增加上限（改制後歸零，融合技與一般技能共用上限）。 | G21: 5 | H21: 10^4 | I21: 6000000 | J21: 不朽者 | K21: 18 | L21: 0 | M21: 0 | N21: 0 | O21: 0 | P21: 0 | Q21: 0 | R21: 0
A22: =A21+1 -> 21 | B22: 0 | C22: 1-轉生對照表 | D22: 轉生 5 次 | E22: （查表） | F22: a=生命與四維最終倍率 b=升級經驗倍率 c=升級經驗基礎增加值 d=階級名稱 e=全部技能等級上限（2026-07-30 改制：未轉生 10、轉生後 15；含被動/融合/潛力） f=融合技增加上限（改制後歸零，融合技與一般技能共用上限）。 | G22: 7 | H22: 10^5 | I22: 12000000 | J22: 王者 | K22: 20 | L22: 0 | M22: 0 | N22: 0 | O22: 0 | P22: 0 | Q22: 0 | R22: 0
A23: =A22+1 -> 22 | B23: 0 | C23: 1-轉生對照表 | D23: 轉生 6 次 | E23: （查表） | F23: a=生命與四維最終倍率 b=升級經驗倍率 c=升級經驗基礎增加值 d=階級名稱 e=全部技能等級上限（2026-07-30 改制：未轉生 10、轉生後 15；含被動/融合/潛力） f=融合技增加上限（改制後歸零，融合技與一般技能共用上限）。 | G23: 10 | H23: 10^6 | I23: 24000000 | J23: 大主宰 | K23: 22 | L23: 0 | M23: 0 | N23: 0 | O23: 0 | P23: 0 | Q23: 0 | R23: 0
A24: =A23+1 -> 23 | B24: 0 | C24: 1-轉生對照表 | D24: 轉生 7 次 | E24: （查表） | F24: a=生命與四維最終倍率 b=升級經驗倍率 c=升級經驗基礎增加值 d=階級名稱 e=全部技能等級上限（2026-07-30 改制：未轉生 10、轉生後 15；含被動/融合/潛力） f=融合技增加上限（改制後歸零，融合技與一般技能共用上限）。 | G24: 14 | H24: 10^7 | I24: 48000000 | J24: 神聖尊者 | K24: 24 | L24: 0 | M24: 0 | N24: 0 | O24: 0 | P24: 0 | Q24: 0 | R24: 0
A25: =A24+1 -> 24 | B25: 0 | C25: 1-轉生對照表 | D25: 轉生 8 次 | E25: （查表） | F25: a=生命與四維最終倍率 b=升級經驗倍率 c=升級經驗基礎增加值 d=階級名稱 e=全部技能等級上限（2026-07-30 改制：未轉生 10、轉生後 15；含被動/融合/潛力） f=融合技增加上限（改制後歸零，融合技與一般技能共用上限）。 | G25: 18 | H25: 10^8 | I25: 96000000 | J25: 大聖王 | K25: 26 | L25: 0 | M25: 0 | N25: 0 | O25: 0 | P25: 0 | Q25: 0 | R25: 0
A26: =A25+1 -> 25 | B26: 0 | C26: 1-轉生對照表 | D26: 轉生 9 次 | E26: （查表） | F26: a=生命與四維最終倍率 b=升級經驗倍率 c=升級經驗基礎增加值 d=階級名稱 e=全部技能等級上限（2026-07-30 改制：未轉生 10、轉生後 15；含被動/融合/潛力） f=融合技增加上限（改制後歸零，融合技與一般技能共用上限）。 | G26: 24 | H26: 10^9 | I26: 192000000 | J26: 至高主宰 | K26: 28 | L26: 0 | M26: 0 | N26: 0 | O26: 0 | P26: 0 | Q26: 0 | R26: 0
A27: =A26+1 -> 26 | B27: 0 | C27: 1-轉生對照表 | D27: 轉生 10 次 | E27: （查表） | F27: a=生命與四維最終倍率 b=升級經驗倍率 c=升級經驗基礎增加值 d=階級名稱 e=全部技能等級上限（2026-07-30 改制：未轉生 10、轉生後 15；含被動/融合/潛力） f=融合技增加上限（改制後歸零，融合技與一般技能共用上限）。 | G27: 30 | H27: 10^11 | I27: 384000000 | J27: 位面創世神 | K27: 30 | L27: 0 | M27: 0 | N27: 0 | O27: 0 | P27: 0 | Q27: 0 | R27: 0
A28: =A27+1 -> 27 | B28: 0 | C28: 1-轉生對照表 | D28: 轉生 11 次 | E28: （查表） | F28: a=生命與四維最終倍率 b=升級經驗倍率 c=升級經驗基礎增加值 d=階級名稱 e=全部技能等級上限（2026-07-30 改制：未轉生 10、轉生後 15；含被動/融合/潛力） f=融合技增加上限（改制後歸零，融合技與一般技能共用上限）。 | G28: 60 | H28: 10^13 | I28: 768000000 | J28: 神位1階 | K28: 30 | L28: 0 | M28: 0 | N28: 0 | O28: 0 | P28: 0 | Q28: 0 | R28: 0
... A37: =A36+1 -> 36 | B37: 0 | C37: 1-轉生對照表 | D37: 轉生 20 次 | E37: （查表） | F37: a=生命與四維最終倍率 b=升級經驗倍率 c=升級經驗基礎增加值 d=階級名稱 e=全部技能等級上限（2026-07-30 改制：未轉生 10、轉生後 15；含被動/融合/潛力） f=融合技增加上限（改制後歸零，融合技與一般技能共用上限）。 | G37: 2500 | H37: 10^33 | I37: 393216000000 | J37: 神位終階 | K37: 30 | L37: 0 | M37: 0 | N37: 0 | O37: 0 | P37: 0 | Q37: 0 | R37: 0
A38: =A37+1 -> 37 | B38: 0 | C38: 2-屬性上限 | D38: 暴擊率 上限 | E38: 上限 = a | F38: a=暴擊率上限（%）。攻擊時造成額外暴擊傷害的機率。 | G38: 0 | H38: 0 | I38: 0 | J38: 0 | K38: 0 | L38: 0 | M38: 0 | N38: 0 | O38: 0 | P38: 0 | Q38: 0 | R38: 0
A39: =A38+1 -> 38 | B39: 0 | C39: 2-屬性上限 | D39: 物理穿透 上限 | E39: 上限 = a | F39: a=物理穿透上限（%）；0＝無上限。2026-07-30 改版：穿透不再擋上限，實際忽略防禦%改由「3-戰鬥核心/穿透忽略防禦」的遞減曲線換算。 | G39: 0 | H39: 0 | I39: 0 | J39: 0 | K39: 0 | L39: 0 | M39: 0 | N39: 0 | O39: 0 | P39: 0 | Q39: 0 | R39: 0
A40: =A39+1 -> 39 | B40: 0 | C40: 2-屬性上限 | D40: 魔法穿透 上限 | E40: 上限 = a | F40: a=魔法穿透上限（%）；0＝無上限。2026-07-30 改版：穿透不再擋上限，實際忽略防禦%改由「3-戰鬥核心/穿透忽略防禦」的遞減曲線換算。 | G40: 0 | H40: 0 | I40: 0 | J40: 0 | K40: 0 | L40: 0 | M40: 0 | N40: 0 | O40: 0 | P40: 0 | Q40: 0 | R40: 0
A41: =A40+1 -> 40 | B41: 0 | C41: 2-屬性上限 | D41: 冷卻縮減 上限 | E41: 上限 = a | F41: a=冷卻縮減上限（%）。減少技能所需的冷卻時間。 | G41: 60 | H41: 0 | I41: 0 | J41: 0 | K41: 0 | L41: 0 | M41: 0 | N41: 0 | O41: 0 | P41: 0 | Q41: 0 | R41: 0
A42: =A41+1 -> 41 | B42: 0 | C42: 2-屬性上限 | D42: 施法速度 上限 | E42: 上限 = a | F42: a=施法速度上限（%）。縮短技能的施放延遲或詠唱時間。 | G42: 50 | H42: 0 | I42: 0 | J42: 0 | K42: 0 | L42: 0 | M42: 0 | N42: 0 | O42: 0 | P42: 0 | Q42: 0 | R42: 0
A43: =A42+1 -> 42 | B43: 0 | C43: 2-屬性上限 | D43: 吸血 上限 | E43: 上限 = a | F43: a=吸血上限（定值）；0＝無上限。吸血是定值：每次對敵人造成傷害固定回復的生命（舊版百分比以 1%＝1 轉換），單獨計算，與每秒生命回復、造成的傷害皆無關。 | G43: 0 | H43: 0 | I43: 0 | J43: 0 | K43: 0 | L43: 0 | M43: 0 | N43: 0 | O43: 0 | P43: 0 | Q43: 0 | R43: 0
A44: =A43+1 -> 43 | B44: 0 | C44: 2-屬性上限 | D44: 吸魔 上限 | E44: 上限 = a | F44: a=吸魔上限（定值）；0＝無上限。吸魔是定值：每次對敵人造成傷害固定回復的法力（舊版百分比以 1%＝1 轉換），單獨計算，與每秒法力恢復、造成的傷害皆無關。 | G44: 0 | H44: 0 | I44: 0 | J44: 0 | K44: 0 | L44: 0 | M44: 0 | N44: 0 | O44: 0 | P44: 0 | Q44: 0 | R44: 0
A45: =A44+1 -> 44 | B45: 0 | C45: 2-屬性上限 | D45: 格擋率 上限 | E45: 上限 = a | F45: a=格擋率上限（%）。受到攻擊時觸發格擋以減輕傷害的機率。 | G45: 50 | H45: 0 | I45: 0 | J45: 0 | K45: 0 | L45: 0 | M45: 0 | N45: 0 | O45: 0 | P45: 0 | Q45: 0 | R45: 0
A46: =A45+1 -> 45 | B46: 0 | C46: 2-屬性上限 | D46: 格擋減傷(詞條部分) 上限 | E46: 上限 = a | F46: a=格擋減傷「詞條部分」上限（%）。實際格擋減傷 = 30%基礎 + 詞條(≤a)，合計上限 80%。 | G46: 50 | H46: 0 | I46: 0 | J46: 0 | K46: 0 | L46: 0 | M46: 0 | N46: 0 | O46: 0 | P46: 0 | Q46: 0 | R46: 0
A47: =A46+1 -> 46 | B47: 0 | C47: 2-屬性上限 | D47: 閃避率 上限 | E47: 上限 = a | F47: a=閃避率上限（%）。完全避開敵人攻擊的機率（受敵方命中率影響）。 | G47: 0 | H47: 0 | I47: 0 | J47: 0 | K47: 0 | L47: 0 | M47: 0 | N47: 0 | O47: 0 | P47: 0 | Q47: 0 | R47: 0
A48: =A47+1 -> 47 | B48: 0 | C48: 2-屬性上限 | D48: 韌性 上限 | E48: 上限 = a | F48: a=韌性上限（%）。2026-07-30 改版：上限 80%，且同時降低「被控場機率」、縮短「被控場持續時間」、降低「被敵人爆擊機率」（敵方爆擊率×(1-韌性%)）。 | G48: 80 | H48: 0 | I48: 0 | J48: 0 | K48: 0 | L48: 0 | M48: 0 | N48: 0 | O48: 0 | P48: 0 | Q48: 0 | R48: 0
A49: =A48+1 -> 48 | B49: 0 | C49: 2-屬性上限 | D49: 控制抵抗 上限 | E49: 上限 = a | F49: a=控制抵抗上限（%）。全面降低所有負面異常狀態的命中率。 | G49: 80 | H49: 0 | I49: 0 | J49: 0 | K49: 0 | L49: 0 | M49: 0 | N49: 0 | O49: 0 | P49: 0 | Q49: 0 | R49: 0
... A99: =A98+1 -> 98 | B99: 0 | C99: 4-高塔BOSS | D99: 命中率 | E99: a%+樓層×b%（試煉a、b｜地獄c、d｜煉獄e、f） | F99: 各塔獨立：試煉用a、b，地獄用c、d，煉獄用e、f。實際命中率沿用戰鬥核心：clamp(命中-玩家閃避, 5, 100)。 | G99: 200 | H99: 70 | I99: 200 | J99: 70 | K99: 200 | L99: 70 | M99: 0 | N99: 0 | O99: 0 | P99: 0 | Q99: 0 | R99: 0
A100: =A99+1 -> 99 | B100: 0 | C100: 4-高塔BOSS | D100: 挑戰金幣消耗 | E100: round(a×樓層^b) | F100: 開始挑戰前扣除，失敗或撤退不退回。 | G100: {1~50,a=10000,b=1.8} | H100: {51~100,a=50000,b=2} | I100: {101~150,a=100000,b=2.2} | J100: 0 | K100: 0 | L100: 0 | M100: 0 | N100: 0 | O100: 0 | P100: 0 | Q100: 0 | R100: 0
A101: =A100+1 -> 100 | B101: 0 | C101: 4-高塔BOSS | D101: 生命 | E101: 基準生命×a（試煉a｜地獄b｜煉獄c） | F101: 各塔獨立總倍率（直接乘基準生命、不再鏈乘）：a=試煉 b=地獄 c=煉獄。 | G101: 20 | H101: 400 | I101: 4000 | J101: 0 | K101: 0 | L101: 0 | M101: 0 | N101: 0 | O101: 0 | P101: 0 | Q101: 0 | R101: 0
A102: =A101+1 -> 101 | B102: 0 | C102: 4-高塔BOSS | D102: 攻擊 | E102: 基準攻擊×a（試煉a｜地獄b｜煉獄c） | F102: 各塔獨立總倍率（直接乘基準攻擊、不再鏈乘）：a=試煉 b=地獄 c=煉獄。 | G102: 3 | H102: 15 | I102: 75 | J102: 0 | K102: 0 | L102: 0 | M102: 0 | N102: 0 | O102: 0 | P102: 0 | Q102: 0 | R102: 0
A103: =A102+1 -> 102 | B103: 0 | C103: 4-高塔BOSS | D103: 物/魔防 | E103: 基準物/魔防×a（試煉a｜地獄b｜煉獄c） | F103: 各塔獨立防禦倍率：a=試煉 b=地獄 c=煉獄。 | G103: 10 | H103: 10 | I103: 10 | J103: 0 | K103: 0 | L103: 0 | M103: 0 | N103: 0 | O103: 0 | P103: 0 | Q103: 0 | R103: 0
A104: =A103+1 -> 103 | B104: 0 | C104: 4-高塔BOSS | D104: 攻速 / 控制抵抗 | E104: 攻速a 次/秒；控制抵抗b%（試煉a、b｜地獄c、d｜煉獄e、f） | F104: 各塔獨立：試煉用a、b，地獄用c、d，煉獄用e、f。 | G104: 3 | H104: 70 | I104: 3 | J104: 70 | K104: 3 | L104: 70 | M104: 0 | N104: 0 | O104: 0 | P104: 0 | Q104: 0 | R104: 0
A105: =A104+1 -> 104 | B105: 0 | C105: 4-高塔BOSS | D105: 閃避率 | E105: min(a+樓層*c, b)%（試煉a~c｜地獄d~f｜煉獄g~i） | F105: 各塔獨立：a/d/g=基礎 b/e/h=上限 c/f/i=加乘值。 | G105: 8 | H105: 10000000 | I105: 15 | J105: 8 | K105: 10000000 | L105: 17 | M105: 8 | N105: 10000000 | O105: 20 | P105: 0 | Q105: 0 | R105: 0
A106: =A105+1 -> 105 | B106: 0 | C106: 4-高塔BOSS | D106: 元素附傷(元素 BOSS) | E106: 總魔攻×a（試煉a｜地獄b｜煉獄c） | F106: 各塔獨立係數：a=試煉 b=地獄 c=煉獄。以魔法攻擊結算。 | G106: 3 | H106: 3 | I106: 3 | J106: 0 | K106: 0 | L106: 0 | M106: 0 | N106: 0 | O106: 0 | P106: 0 | Q106: 0 | R106: 0
A107: =A106+1 -> 106 | B107: 0 | C107: 4-高塔BOSS | D107: 經驗 | E107: 建議野外階段普通怪經驗×a（試煉a｜地獄b｜煉獄c） | F107: 各塔獨立倍率：a=試煉 b=地獄 c=煉獄。再套用玩家經驗加成。 | G107: 2 | H107: 2 | I107: 2 | J107: 0 | K107: 0 | L107: 0 | M107: 0 | N107: 0 | O107: 0 | P107: 0 | Q107: 0 | R107: 0
A108: =A107+1 -> 107 | B108: 0 | C108: 4-高塔BOSS | D108: 戰鬥規則 | E108: 限時a秒；b秒檢查狂暴（血量>50%+狂暴閾值→傷害×c）；每d秒蓄力重擊×2.2（試煉a~d｜地獄e~h｜煉獄i~l） | F108: 各塔獨立：試煉a~d、地獄e~h、煉獄i~l；每組依序＝限時、狂暴檢查、狂暴傷害倍率、蓄力周期。 | G108: 60 | H108: 40 | I108: 3 | J108: 8 | K108: 60 | L108: 40 | M108: 3 | N108: 8 | O108: 60 | P108: 40 | Q108: 3 | R108: 8
A109: =A108+1 -> 108 | B109: 0 | C109: 4-高塔BOSS | D109: 地獄之塔範圍 | E109: 第a~b層 | F109: a=起始層 b=結束層（100 層後未開放）。生命×5、攻擊×2。 | G109: 51 | H109: 100 | I109: 0 | J109: 0 | K109: 0 | L109: 0 | M109: 0 | N109: 0 | O109: 0 | P109: 0 | Q109: 0 | R109: 0
A110: =A109+1 -> 109 | B110: 0 | C110: 4-高塔BOSS | D110: 試煉之塔範圍 | E110: 第a~b層 | F110: a=起始層 b=結束層。 | G110: 1 | H110: 50 | I110: 0 | J110: 0 | K110: 0 | L110: 0 | M110: 0 | N110: 0 | O110: 0 | P110: 0 | Q110: 0 | R110: 0
A111: =A110+1 -> 110 | B111: 0 | C111: 4-高塔BOSS | D111: 魔魂本源(地獄之塔) | E111: min(100, a% + (樓層-51)×b%) | F111: 僅地獄之塔；獨立判定 1 顆。 | G111: 5 | H111: 1 | I111: 0 | J111: 0 | K111: 0 | L111: 0 | M111: 0 | N111: 0 | O111: 0 | P111: 0 | Q111: 0 | R111: 0
A112: =A111+1 -> 111 | B112: 0 | C112: 4-高塔BOSS | D112: 魔種(煉獄之塔) | E112: min(a%, b% + (BOSS層數-101)×c%) | F112: 煉獄之塔 101~150 層 BOSS 額外掉落魔種；每場獨立判定。 | G112: 100 | H112: 10 | I112: 2 | J112: 0 | K112: 0 | L112: 0 | M112: 0 | N112: 0 | O112: 0 | P112: 0 | Q112: 0 | R112: 0
A113: =A112+1 -> 112 | B113: 0 | C113: 4-高塔BOSS | D113: 高塔 BOSS 魔塵 | E113: min(a%, b% + 樓層×c%) | F113: a=上限 b=基礎 c=每層。 | G113: 30 | H113: 2 | I113: 0.2 | J113: 0 | K113: 0 | L113: 0 | M113: 0 | N113: 0 | O113: 0 | P113: 0 | Q113: 0 | R113: 0
A114: =A113+1 -> 113 | B114: 0 | C114: 4-高塔BOSS | D114: 試練之塔範圍 | E114: {試煉之塔：第a~b層}{地獄之塔：第a~b層}{煉獄之塔：第a~b層} | F114: a=起始層 b=結束層。 | G114: {1~50} | H114: {51~100} | I114: {101~150} | J114: 0 | K114: 0 | L114: 0 | M114: 0 | N114: 0 | O114: 0 | P114: 0 | Q114: 0 | R114: 0
A115: =A114+1 -> 114 | B115: 0 | C115: 4-野外BOSS | D115: 出現階段 | E115: 每 a 階出現一次 | F115: 野外 BOSS 出現於階段為 a 的倍數；與菁英階段重疊時 BOSS 優先。固定單一敵人。 | G115: 50 | H115: 0 | I115: 0 | J115: 0 | K115: 0 | L115: 0 | M115: 0 | N115: 0 | O115: 0 | P115: 0 | Q115: 0 | R115: 0
A116: =A115+1 -> 115 | B116: 0 | C116: 4-野外BOSS | D116: 數值倍率 | E116: 生命×a 攻擊×b 防禦×c 金幣經驗×d 閃避+e 攻速f | F116: 相對於同階段普通怪。e=閃避加成（百分點）f=攻速絕對值（次/秒）。BOSS 免疫控場遞減。 | G116: 15 | H116: 4 | I116: 2 | J116: 10 | K116: 2 | L116: 1.5 | M116: 0 | N116: 0 | O116: 0 | P116: 0 | Q116: 0 | R116: 0
A117: =A116+1 -> 116 | B117: 0 | C117: 4-野外BOSS | D117: 掉落倍率 | E117: 所有掉落 ×a | F117: BOSS 的裝備/材料/寶石掉落率統一乘 a（比照野外菁英掉落倍率）。 | G117: 3 | H117: 0 | I117: 0 | J117: 0 | K117: 0 | L117: 0 | M117: 0 | N117: 0 | O117: 0 | P117: 0 | Q117: 0 | R117: 0
A118: =A117+1 -> 117 | B118: 0 | C118: 4-野外怪物 | D118: 生命 | E118: (a+階段×b)×c^(階段-1) | F118: a=常數 b=每階 c=指數底。 | G118: 20 | H118: 16 | I118: 1.06 | J118: 0 | K118: 0 | L118: 0 | M118: 0 | N118: 0 | O118: 0 | P118: 0 | Q118: 0 | R118: 0
A119: =A118+1 -> 118 | B119: 0 | C119: 4-野外怪物 | D119: 攻擊 | E119: (a+階段×b)×c^(階段-1) | F119: a=常數 b=每階 c=指數底。 | G119: 2 | H119: 2 | I119: 1.04 | J119: 0 | K119: 0 | L119: 0 | M119: 0 | N119: 0 | O119: 0 | P119: 0 | Q119: 0 | R119: 0
A120: =A119+1 -> 119 | B120: 0 | C120: 4-野外怪物 | D120: 物理防禦 | E120: (a+階段×b)×c^(階段-1) | F120: 魔法防禦 = 物理防禦×0.75。 | G120: 2 | H120: 0.5 | I120: 1.045 | J120: 0 | K120: 0 | L120: 0 | M120: 0 | N120: 0 | O120: 0 | P120: 0 | Q120: 0 | R120: 0
A121: =A120+1 -> 120 | B121: 0 | C121: 4-野外怪物 | D121: 金幣 | E121: (a+階段×b)×c^(階段-1) | F121: a=常數 b=每階 c=指數底。 | G121: 250 | H121: 1 | I121: 1.018 | J121: 0 | K121: 0 | L121: 0 | M121: 0 | N121: 0 | O121: 0 | P121: 0 | Q121: 0 | R121: 0
A122: =A121+1 -> 121 | B122: 0 | C122: 4-野外怪物 | D122: 經驗 | E122: (a+階段×b)×c^(階段-1) | F122: a=常數 b=每階 c=指數底。 | G122: 120 | H122: 2 | I122: 1.06 | J122: 0 | K122: 0 | L122: 0 | M122: 0 | N122: 0 | O122: 0 | P122: 0 | Q122: 0 | R122: 0
A123: =A122+1 -> 122 | B123: 0 | C123: 4-野外怪物 | D123: 攻擊速度 | E123: a 次/秒 | F123: a=普通怪攻速。 | G123: 1 | H123: 0 | I123: 0 | J123: 0 | K123: 0 | L123: 0 | M123: 0 | N123: 0 | O123: 0 | P123: 0 | Q123: 0 | R123: 0
A124: =A123+1 -> 123 | B124: 0 | C124: 4-野外怪物 | D124: 命中率 | E124: a%+敵人等級×b% | F124: 敵人等級=階段。實際命中率沿用戰鬥核心：clamp(命中-玩家閃避, 5, 100)。 | G124: 100 | H124: {1~49=0.5} | I124: {50~99=0.7} | J124: {100~149=1} | K124: {150~199=1.4} | L124: {200~299=1.8} | M124: {300+=2} | N124: 0 | O124: 0 | P124: 0 | Q124: 0 | R124: 0
A125: =A124+1 -> 124 | B125: 0 | C125: 4-野外怪物 | D125: 閃避率 | E125: a%+敵人等級×b% | F125: 敵人等級=階段。實際命中率沿用戰鬥核心：clamp(閃避-玩家命中, 5, 100)。 | G125: 5 | H125: {1~49=0.5} | I125: {50~99=0.65} | J125: {100~149=0.8} | K125: {150~199=1} | L125: {200~299=1.2} | M125: {300+=1.5} | N125: 0 | O125: 0 | P125: 0 | Q125: 0 | R125: 0
A126: =A125+1 -> 125 | B126: 0 | C126: 4-野外怪物 | D126: 菁英倍率 | E126: 生命×a 攻擊×b 金幣經驗×c 閃避d 攻速e | F126: 菁英出現於階段為 10 的倍數，敵人數量與普通怪一致。〔菁英現在成群出現（可能帶小兵），普通關也會遇到；群的設定見「4-菁英群組」。小兵不吃這一列的倍率。〕 | G126: 4 | H126: 2 | I126: 2 | J126: 1.5 | K126: 1 | L126: 0 | M126: 0 | N126: 0 | O126: 0 | P126: 0 | Q126: 0 | R126: 0
A127: =A126+1 -> 126 | B127: 0 | C127: 4-野外怪物 | D127: 野外菁英掉落倍率 | E127: 所有掉落 ×a | F127: 菁英敵人裝備/材料/寶石掉落率統一乘 a（程式實際值）。 | G127: 1.5 | H127: 0 | I127: 0 | J127: 0 | K127: 0 | L127: 0 | M127: 0 | N127: 0 | O127: 0 | P127: 0 | Q127: 0 | R127: 0
A128: =A127+1 -> 127 | B128: 0 | C128: 4-敵人數量 | D128: 小怪 數量權重(荒漠1~20關) | E128: 權重表：{數量,權重} 或 {下限~上限,權重} | F128: 每波獨立擲骰。權重只看相對大小，總和不必湊 100；填 0 或留空＝不會被抽中。數量上限為棋盤總格數（見 4-戰場站位/棋盤格數）。 | G128: {1~2,95} | H128: {3,5} | I128: 0 | J128: 0 | K128: 0 | L128: 0 | M128: 0 | N128: 0 | O128: 0 | P128: 0 | Q128: 0 | R128: 0
A129: =A128+1 -> 128 | B129: 0 | C129: 4-敵人數量 | D129: 小怪 數量權重(荒漠21~40關) | E129: 權重表：{數量,權重} 或 {下限~上限,權重} | F129: 每波獨立擲骰。權重只看相對大小，總和不必湊 100；填 0 或留空＝不會被抽中。數量上限為棋盤總格數（見 4-戰場站位/棋盤格數）。 | G129: {1~2,90} | H129: {3,10} | I129: 0 | J129: 0 | K129: 0 | L129: 0 | M129: 0 | N129: 0 | O129: 0 | P129: 0 | Q129: 0 | R129: 0
A130: =A129+1 -> 129 | B130: 0 | C130: 4-敵人數量 | D130: 小怪 數量權重(荒漠41~60關) | E130: 權重表：{數量,權重} 或 {下限~上限,權重} | F130: 每波獨立擲骰。權重只看相對大小，總和不必湊 100；填 0 或留空＝不會被抽中。數量上限為棋盤總格數（見 4-戰場站位/棋盤格數）。 | G130: {1~2,85} | H130: {3,14} | I130: {4,1} | J130: 0 | K130: 0 | L130: 0 | M130: 0 | N130: 0 | O130: 0 | P130: 0 | Q130: 0 | R130: 0
A131: =A130+1 -> 130 | B131: 0 | C131: 4-敵人數量 | D131: 小怪 數量權重(荒漠61~80關) | E131: 權重表：{數量,權重} 或 {下限~上限,權重} | F131: 每波獨立擲骰。權重只看相對大小，總和不必湊 100；填 0 或留空＝不會被抽中。數量上限為棋盤總格數（見 4-戰場站位/棋盤格數）。 | G131: {1~3,80} | H131: {4,12} | I131: {5,6} | J131: {6,2} | K131: 0 | L131: 0 | M131: 0 | N131: 0 | O131: 0 | P131: 0 | Q131: 0 | R131: 0
A132: =A131+1 -> 131 | B132: 0 | C132: 4-敵人數量 | D132: 小怪 數量權重(荒漠81~100關) | E132: 權重表：{數量,權重} 或 {下限~上限,權重} | F132: 每波獨立擲骰。權重只看相對大小，總和不必湊 100；填 0 或留空＝不會被抽中。數量上限為棋盤總格數（見 4-戰場站位/棋盤格數）。 | G132: {1~3,60} | H132: {4,20} | I132: {5,10} | J132: {6,3} | K132: 0 | L132: 0 | M132: 0 | N132: 0 | O132: 0 | P132: 0 | Q132: 0 | R132: 0
A133: =A132+1 -> 132 | B133: 0 | C133: 4-敵人數量 | D133: 小怪 數量權重(荒漠101~150關) | E133: 權重表：{數量,權重} 或 {下限~上限,權重} | F133: 每波獨立擲骰。權重只看相對大小，總和不必湊 100；填 0 或留空＝不會被抽中。數量上限為棋盤總格數（見 4-戰場站位/棋盤格數）。 | G133: {1~3,15} | H133: {4,50} | I133: {5,15} | J133: {6,5} | K133: {7~8,1} | L133: 0 | M133: 0 | N133: 0 | O133: 0 | P133: 0 | Q133: 0 | R133: 0
A134: =A133+1 -> 133 | B134: 0 | C134: 4-敵人數量 | D134: 小怪 數量權重151關之後 | E134: 權重表：{數量,權重} 或 {下限~上限,權重} | F134: 每波獨立擲骰。權重只看相對大小，總和不必湊 100；填 0 或留空＝不會被抽中。數量上限為棋盤總格數（見 4-戰場站位/棋盤格數）。 | G134: {1~3,3} | H134: {4,10} | I134: {5~6,40} | J134: {7~9,5} | K134: {10~11,1} | L134: {12,0.5} | M134: 0 | N134: 0 | O134: 0 | P134: 0 | Q134: 0 | R134: 0
A135: =A134+1 -> 134 | B135: 0 | C135: 4-敵人數量 | D135: 菁英 數量權重(荒漠1~200關) | E135: 權重表：{數量,權重} 或 {下限~上限,權重} | F135: 菁英與小怪分開擲骰——菁英一次出太多根本打不動，預設集中在 1~2 隻。每波獨立擲骰。權重只看相對大小，總和不必湊 100；填 0 或留空＝不會被抽中。數量上限為棋盤總格數（見 4-戰場站位/棋盤格數）。〔菁英群組改版：菁英現在成「群」出現，這一列的數量代表「群數」；每群幾隻、全員菁英或帶小兵、技能數量見「4-菁英群組」各列。〕 | G135: {1~2,95} | H135: {3,5} | I135: 0 | J135: 0 | K135: 0 | L135: 0 | M135: 0 | N135: 0 | O135: 0 | P135: 0 | Q135: 0 | R135: 0
A136: =A135+1 -> 135 | B136: 0 | C136: 4-敵人數量 | D136: 菁英 數量權重(冰原1~300關) | E136: 權重表：{數量,權重} 或 {下限~上限,權重} | F136: 菁英與小怪分開擲骰——菁英一次出太多根本打不動，預設集中在 1~2 隻。每波獨立擲骰。權重只看相對大小，總和不必湊 100；填 0 或留空＝不會被抽中。數量上限為棋盤總格數（見 4-戰場站位/棋盤格數）。〔菁英群組改版：菁英現在成「群」出現，這一列的數量代表「群數」；每群幾隻、全員菁英或帶小兵、技能數量見「4-菁英群組」各列。〕 | G136: {1~2,75} | H136: {3,20} | I136: {4,5} | J136: 0 | K136: 0 | L136: 0 | M136: 0 | N136: 0 | O136: 0 | P136: 0 | Q136: 0 | R136: 0
A137: =A136+1 -> 136 | B137: 0 | C137: 4-敵人數量 | D137: 菁英 數量權重(沼澤1~400關) | E137: 權重表：{數量,權重} 或 {下限~上限,權重} | F137: 菁英與小怪分開擲骰——菁英一次出太多根本打不動，預設集中在 1~2 隻。每波獨立擲骰。權重只看相對大小，總和不必湊 100；填 0 或留空＝不會被抽中。數量上限為棋盤總格數（見 4-戰場站位/棋盤格數）。〔菁英群組改版：菁英現在成「群」出現，這一列的數量代表「群數」；每群幾隻、全員菁英或帶小兵、技能數量見「4-菁英群組」各列。〕 | G137: {1~2,50} | H137: {3,10} | I137: {4,10} | J137: {5,6} | K137: {6,2} | L137: 0 | M137: 0 | N137: 0 | O137: 0 | P137: 0 | Q137: 0 | R137: 0
A138: =A137+1 -> 137 | B138: 0 | C138: 4-敵人數量 | D138: 菁英 數量權重(亡靈山脈1~500關) | E138: 權重表：{數量,權重} 或 {下限~上限,權重} | F138: 菁英與小怪分開擲骰——菁英一次出太多根本打不動，預設集中在 1~2 隻。每波獨立擲骰。權重只看相對大小，總和不必湊 100；填 0 或留空＝不會被抽中。數量上限為棋盤總格數（見 4-戰場站位/棋盤格數）。〔菁英群組改版：菁英現在成「群」出現，這一列的數量代表「群數」；每群幾隻、全員菁英或帶小兵、技能數量見「4-菁英群組」各列。〕 | G138: {1~2,1} | H138: {3,3} | I138: {4~5,5} | J138: {6~10,30} | K138: {11~16,30} | L138: {17~20,10} | M138: {21~30,5} | N138: 0 | O138: 0 | P138: 0 | Q138: 0 | R138: 0
A139: =A138+1 -> 138 | B139: 0 | C139: 4-敵人數量 | D139: 菁英 數量權重500關之後 | E139: 權重表：{數量,權重} 或 {下限~上限,權重} | F139: 菁英與小怪分開擲骰——菁英一次出太多根本打不動，預設集中在 1~2 隻。每波獨立擲骰。權重只看相對大小，總和不必湊 100；填 0 或留空＝不會被抽中。數量上限為棋盤總格數（見 4-戰場站位/棋盤格數）。〔菁英群組改版：菁英現在成「群」出現，這一列的數量代表「群數」；每群幾隻、全員菁英或帶小兵、技能數量見「4-菁英群組」各列。〕 | G139: {1~2,2} | H139: {3,8} | I139: {4~5,30} | J139: {6~7,15} | K139: {8~9,8} | L139: {10,3} | M139: {11,1.5} | N139: 0 | O139: 0 | P139: 0 | Q139: 0 | R139: 0
A140: =A139+1 -> 139 | B140: 0 | C140: 4-敵人數量 | D140: BOSS 數量權重 | E140: 權重表：{數量,權重} 或 {下限~上限,權重} | F140: BOSS 與小怪分開擲骰。BOSS 佔 2×2 格，出太多棋盤放不下（放不下會自動退回 1×1 佔格）。每波獨立擲骰。權重只看相對大小，總和不必湊 100；填 0 或留空＝不會被抽中。數量上限為棋盤總格數（見 4-戰場站位/棋盤格數）。 | G140: {1,100} | H140: 0 | I140: 0 | J140: 0 | K140: 0 | L140: 0 | M140: 0 | N140: 0 | O140: 0 | P140: 0 | Q140: 0 | R140: 0
A141: =A140+1 -> 140 | B141: 0 | C141: 4-戰場站位 | D141: 棋盤格數 | E141: 敵方 a 行 × b 列 | F141: a=行數（由左至右；越右離我方越遠）b=列數。我方視為棋盤左側的單一單位。 | G141: 10 | H141: 10 | I141: 0 | J141: 0 | K141: 0 | L141: 0 | M141: 0 | N141: 0 | O141: 0 | P141: 0 | Q141: 0 | R141: 0
A142: =A141+1 -> 141 | B142: 0 | C142: 4-戰場站位 | D142: 距離規則 | E142: 距離 = a×(行-1) + (中央列 ? b : c) | F142: 數字越小越近。普攻與技能都以此挑最近目標；同距離隨機挑一個；鎖定後直到目標死亡才換。 | G142: 1 | H142: 1 | I142: 1 | J142: 0 | K142: 0 | L142: 0 | M142: 0 | N142: 0 | O142: 0 | P142: 0 | Q142: 0 | R142: 0
A143: =A142+1 -> 142 | B143: 0 | C143: 4-戰場站位 | D143: BOSS 佔格 | E143: a 行 × b 列 | F143: BOSS 佔多格；受範圍傷害仍只算命中 1 次。棋盤放不下時自動退回 1×1。 | G143: 2 | H143: 2 | I143: 0 | J143: 0 | K143: 0 | L143: 0 | M143: 0 | N143: 0 | O143: 0 | P143: 0 | Q143: 0 | R143: 0
A144: =A143+1 -> 143 | B144: 0 | C144: 5-太古詞條 | D144: 高塔太古精華機率 | E144: min(a%, b% + (樓層-c)×d%) | F144: 以樓層計算；每場獨立判定 1 顆。 | G144: 100 | H144: 10 | I144: 40 | J144: 2 | K144: 0 | L144: 0 | M144: 0 | N144: 0 | O144: 0 | P144: 0 | Q144: 0 | R144: 0
A145: =A144+1 -> 144 | B145: 0 | C145: 5-太古詞條 | D145: 太古詞條產生率(2詞條) | E145: 權重擲骰：a~c = 0~2條太古的權重% | F145: 裝備產出時依詞條數量決定太古條數與隨機位置（位置永久固定，洗煉不變）。a=0條 b=1條 c=2條。 | G145: 92 | H145: 7.5 | I145: 0.5 | J145: 0 | K145: 0 | L145: 0 | M145: 0 | N145: 0 | O145: 0 | P145: 0 | Q145: 0 | R145: 0
A146: =A145+1 -> 145 | B146: 0 | C146: 5-太古詞條 | D146: 太古詞條產生率(3詞條) | E146: 權重擲骰：a~d = 0~3條太古的權重% | F146: 裝備產出時依詞條數量決定太古條數與隨機位置（位置永久固定，洗煉不變）。a=0條 b=1條 c=2條 d=3條。 | G146: 78.1 | H146: 19.2 | I146: 2.4 | J146: 0.3 | K146: 0 | L146: 0 | M146: 0 | N146: 0 | O146: 0 | P146: 0 | Q146: 0 | R146: 0
A147: =A146+1 -> 146 | B147: 0 | C147: 5-太古詞條 | D147: 太古詞條產生率(4詞條) | E147: 權重擲骰：a~e = 0~4條太古的權重% | F147: 裝備產出時依詞條數量決定太古條數與隨機位置（位置永久固定，洗煉不變）。a=0條 b=1條 c=2條 d=3條 e=4條。 | G147: 72.1136 | H147: 22.1184 | I147: 4.608 | J147: 0.96 | K147: 0.2 | L147: 0 | M147: 0 | N147: 0 | O147: 0 | P147: 0 | Q147: 0 | R147: 0
A148: =A147+1 -> 147 | B148: 0 | C148: 5-太古詞條 | D148: 太古詞條產生率(5詞條) | E148: 權重擲骰：a~f = 0~5條太古的權重% | F148: 裝備產出時依詞條數量決定太古條數與隨機位置（位置永久固定，洗煉不變）。a=0條 b=1條 c=2條 d=3條 e=4條 f=5條。 | G148: 53.837362 | H148: 33.734898 | I148: 9.11754 | J148: 2.4642 | K148: 0.666 | L148: 0.18 | M148: 0 | N148: 0 | O148: 0 | P148: 0 | Q148: 0 | R148: 0
A149: =A148+1 -> 148 | B149: 0 | C149: 5-太古詞條 | D149: 太古詞條產生率(6詞條) | E149: 權重擲骰：a~g = 0~6條太古的權重% | F149: 裝備產出時依詞條數量決定太古條數與隨機位置（位置永久固定，洗煉不變）。a=0條 b=1條 c=2條 d=3條 e=4條 f=5條 g=6條。 | G149: 49.993826 | H149: 32.817838 | I149: 11.316496 | J149: 3.90224 | K149: 1.3456 | L149: 0.464 | M149: 0.16 | N149: 0 | O149: 0 | P149: 0 | Q149: 0 | R149: 0
A150: =A149+1 -> 149 | B150: 0 | C150: 5-太古詞條 | D150: 太古詞條產生率(7詞條) | E150: 權重擲骰：a~h = 0~7條太古的權重% | F150: 裝備產出時依詞條數量決定太古條數與隨機位置（位置永久固定，洗煉不變）。a=0條 b=1條 c=2條 d=3條 e=4條 f=5條 g=6條 h=7條。 | G150: 36.764972 | H150: 38.49188 | I150: 15.094855 | J150: 5.9195509 | K150: 2.3213925 | L150: 0.91035 | M150: 0.357 | N150: 0.14 | O150: 0 | P150: 0 | Q150: 0 | R150: 0
A151: =A150+1 -> 150 | B151: 0 | C151: 5-太古詞條 | D151: 太古詞條產生率(8詞條) | E151: 權重擲骰：a~i = 0~8條太古的權重% | F151: 裝備產出時依詞條數量決定太古條數與隨機位置（位置永久固定，洗煉不變）。a=0條 b=1條 c=2條 d=3條 e=4條 f=5條 g=6條 h=7條 i=8條。 | G151: 31.631676 | H151: 38.434849 | I151: 16.85739 | J151: 7.393592 | K151: 3.2428035 | L151: 1.4222822 | M151: 0.623808 | N151: 0.2736 | O151: 0.12 | P151: 0 | Q151: 0 | R151: 0
A152: =A151+1 -> 151 | B152: 0 | C152: 5-太古詞條 | D152: 太古詞條產生率(9詞條) | E152: 權重擲骰：a~j = 0~9條太古的權重% | F152: 裝備產出時依詞條數量決定太古條數與隨機位置（位置永久固定，洗煉不變）。a=0條 b=1條 c=2條 d=3條 e=4條 f=5條 g=6條 h=7條 i=8條 j=9條。 | G152: 25.407543 | H152: 39.287975 | I152: 18.619893 | J152: 8.824594 | K152: 4.182272 | L152: 1.9821194 | M152: 0.9393931 | N152: 0.44521 | O152: 0.211 | P152: 0.1 | Q152: 0 | R152: 0
... A156: =A155+1 -> 155 | B156: 0 | C156: 5-太古詞條 | D156: 太古幸運權重分母 | E156: m = 太古幸運權重倍率 × 幸運值總合 / (幸運值總合 + a) | F156: a=幸運值飽和分母；幸運值越高，m 越接近太古幸運權重倍率。 | G156: 4000 | H156: 0 | I156: 0 | J156: 0 | K156: 0 | L156: 0 | M156: 0 | N156: 0 | O156: 0 | P156: 0 | Q156: 0 | R156: 0
A157: =A156+1 -> 156 | B157: 0 | C157: 5-高塔裝備掉落 | D157: 普通裝備 | E157: 各樓層區間掉落率%（{樓層下限~上限=機率}） | F157: 每品質獨立擲骰，>100% 依必掉+餘數規則；實際機率 ×(1+有效掉寶率%)。 | G157: {1~10=0} | H157: {11~20=0} | I157: {21~30=0} | J157: {31~40=0} | K157: {41~50=0} | L157: {51~75=0} | M157: {76+=0} | N157: 0 | O157: 0 | P157: 0 | Q157: 0 | R157: 0
A158: =A157+1 -> 157 | B158: 0 | C158: 5-高塔裝備掉落 | D158: 精良裝備 | E158: 各樓層區間掉落率%（{樓層下限~上限=機率}） | F158: 每品質獨立擲骰，>100% 依必掉+餘數規則；實際機率 ×(1+有效掉寶率%)。 | G158: {1~10=0} | H158: {11~20=0} | I158: {21~30=0} | J158: {31~40=0} | K158: {41~50=0} | L158: {51~75=0} | M158: {76+=0} | N158: 0 | O158: 0 | P158: 0 | Q158: 0 | R158: 0
A159: =A158+1 -> 158 | B159: 0 | C159: 5-高塔裝備掉落 | D159: 稀有裝備 | E159: 各樓層區間掉落率%（{樓層下限~上限=機率}） | F159: 每品質獨立擲骰，>100% 依必掉+餘數規則；實際機率 ×(1+有效掉寶率%)。 | G159: {1~10=100} | H159: {11~20=100} | I159: {21~30=0} | J159: {31~40=0} | K159: {41~50=0} | L159: {51~75=0} | M159: {76+=0} | N159: 0 | O159: 0 | P159: 0 | Q159: 0 | R159: 0
A160: =A159+1 -> 159 | B160: 0 | C160: 5-高塔裝備掉落 | D160: 獨特裝備 | E160: 各樓層區間掉落率%（{樓層下限~上限=機率}） | F160: 每品質獨立擲骰，>100% 依必掉+餘數規則；實際機率 ×(1+有效掉寶率%)。 | G160: {1~10=50} | H160: {11~20=100} | I160: {21~30=100} | J160: {31~40=150} | K160: {41~50=0} | L160: {51~75=0} | M160: {76+=0} | N160: 0 | O160: 0 | P160: 0 | Q160: 0 | R160: 0
A161: =A160+1 -> 160 | B161: 0 | C161: 5-高塔裝備掉落 | D161: 史詩裝備 | E161: 各樓層區間掉落率%（{樓層下限~上限=機率}） | F161: 每品質獨立擲骰，>100% 依必掉+餘數規則；實際機率 ×(1+有效掉寶率%)。 | G161: {1~10=10} | H161: {11~20=20} | I161: {21~30=100} | J161: {31~40=150} | K161: {41~50=200} | L161: {51~75=350} | M161: {76+=400} | N161: 0 | O161: 0 | P161: 0 | Q161: 0 | R161: 0
...
